date,category,sales,avg_temp,max_temp,min_temp,humidity,rainfall
2016-03-01,beer,44024.03,11.56,16.04,7.37,80.69,0.0
2016-03-02,beer,44204.34,13.03,17.73,10.41,81.86,0.0
2016-03-03,beer,38308.56,11.4,16.08,6.76,82.67,0.0
2016-03-04,beer,32911.25,12.5,18.07,9.53,74.22,8.5
2016-03-05,beer,32458.36,15.06,19.51,10.74,74.16,0.0
2016-03-06,beer,35643.66,13.9,20.88,11.15,72.5,21.9
2016-03-07,beer,36909.63,15.87,19.83,11.18,75.11,1.1
2016-03-08,beer,42548.45,13.22,17.22,9.42,75.29,0.0
2016-03-09,beer,41298.3,14.41,19.28,10.18,68.75,0.0
2016-03-10,beer,37617.58,13.52,17.72,8.22,77.94,0.0
2016-03-11,beer,38321.45,17.69,22.17,13.41,68.46,0.0
2016-03-12,beer,36288.6,15.1,20.68,10.44,65.59,0.0
2016-03-13,beer,32001.92,15.41,21.85,10.44,58.02,0.0
2016-03-14,beer,42462.71,17.06,22.04,12.79,58.38,3.82
2016-03-15,beer,47179.16,16.93,20.94,13.06,62.8,0.0
2016-03-16,beer,43743.7,13.76,18.36,9.26,61.11,0.0
2016-03-17,beer,42799.8,16.63,21.99,13.28,54.15,0.0
2016-03-18,beer,41647.76,16.24,21.75,11.05,59.79,0.0
2016-03-19,beer,34220.74,13.53,18.76,9.91,53.52,0.0
2016-03-20,beer,41776.9,13.52,17.67,9.01,57.37,0.66
2016-03-21,beer,43397.68,14.37,18.78,12.26,68.81,5.85
2016-03-22,beer,48282.65,13.96,18.7,9.38,58.06,0.0
2016-03-23,beer,39563.29,16.28,22.37,12.86,55.32,0.0
2016-03-24,beer,43559.99,14.25,18.72,9.7,61.95,0.0
2016-03-25,beer,38547.64,10.92,14.38,8.09,64.79,0.0
2016-03-26,beer,30697.51,11.09,17.5,7.76,64.97,0.0
2016-03-27,beer,32291.35,11.4,16.24,7.36,75.45,0.0
2016-03-28,beer,37008.21,13.53,17.8,10.27,66.64,0.0
2016-03-29,beer,39868.55,10.65,17.0,6.16,81.24,0.0
2016-03-30,beer,42446.88,12.23,16.57,8.61,72.26,0.0
2016-03-31,beer,43022.8,12.66,17.38,9.43,71.79,29.4
2016-04-01,beer,41056.07,11.69,17.43,6.44,71.7,0.0
2016-04-02,beer,35877.57,12.58,18.26,8.93,77.06,0.92
2016-04-03,beer,35998.95,13.4,16.65,8.74,86.16,0.0
2016-04-04,beer,40719.91,13.59,19.79,9.72,80.62,9.96
2016-04-05,beer,40509.21,11.32,17.45,7.58,83.64,6.06
2016-04-06,beer,41994.99,13.55,19.33,8.77,82.91,0.0
2016-04-07,beer,40360.31,12.32,17.28,8.43,82.97,6.27
2016-04-08,beer,28448.16,13.75,18.05,9.32,81.61,0.0
2016-04-09,beer,37573.28,15.33,21.27,10.4,79.85,12.66
2016-04-10,beer,33357.86,14.72,19.38,9.8,62.47,0.0
2016-04-11,beer,39766.09,14.67,20.65,11.52,72.05,0.0
2016-04-12,beer,42922.26,15.68,21.31,11.04,63.81,0.0
2016-04-13,beer,46388.12,18.16,21.61,14.46,63.8,0.0
2016-04-14,beer,40069.29,20.64,25.53,15.95,63.17,0.0
2016-04-15,beer,38444.32,19.03,23.86,14.21,57.44,0.0
2016-04-16,beer,37196.64,19.81,24.18,15.29,57.09,0.0
2016-04-17,beer,37207.35,20.44,24.69,16.25,57.17,0.0
2016-04-18,beer,42824.95,20.94,26.1,16.14,60.25,0.0
2016-04-19,beer,49367.59,23.7,28.53,19.98,56.15,0.0
2016-04-20,beer,50967.28,23.92,28.69,19.13,58.9,0.0
2016-04-21,beer,49341.53,23.42,28.21,19.71,49.28,0.0
2016-04-22,beer,44487.43,23.43,29.08,19.16,56.5,0.0
2016-04-23,beer,34220.42,20.61,26.19,16.79,60.28,0.0
2016-04-24,beer,42718.79,26.1,29.63,21.54,63.87,0.0
2016-04-25,beer,43569.56,25.11,29.96,20.28,60.92,0.0
2016-04-26,beer,50122.66,23.96,27.8,21.51,65.7,15.35
2016-04-27,beer,51153.51,24.72,30.43,19.73,65.83,0.0
2016-04-28,beer,36820.6,23.67,28.8,20.19,63.51,0.0
2016-04-29,beer,41270.58,24.81,30.2,22.03,72.65,0.0
2016-04-30,beer,45666.19,24.16,28.71,19.7,70.42,18.28
2016-05-01,beer,46910.52,26.47,31.06,22.2,75.06,0.0
2016-05-02,beer,39148.52,23.5,28.62,20.24,81.52,10.74
2016-05-03,beer,49991.36,24.89,29.26,20.56,84.79,0.0
2016-05-04,beer,46552.41,21.97,26.84,17.96,73.01,0.0
2016-05-05,beer,40231.17,23.56,29.23,20.23,78.87,0.0
2016-05-06,beer,37148.2,20.2,25.25,15.48,85.39,10.27
2016-05-07,beer,36996.56,25.07,28.74,20.31,80.19,0.0
2016-05-08,beer,39673.1,20.28,25.57,16.16,78.53,1.76
2016-05-09,beer,45707.28,18.78,24.12,14.91,70.36,0.0
2016-05-10,beer,47864.3,21.13,25.69,16.05,74.12,0.0
2016-05-11,beer,52657.04,22.68,28.09,18.4,74.71,0.0
2016-05-12,beer,41395.57,19.49,23.89,14.23,80.22,0.0
2016-05-13,beer,38502.9,22.59,28.05,18.26,72.03,0.0
2016-05-14,beer,37200.41,22.1,26.78,18.45,62.28,0.0
2017-03-01,beer,43785.4,9.63,14.06,5.27,71.09,12.15
2017-03-02,beer,47848.41,9.76,14.57,5.5,80.41,0.0
2017-03-03,beer,37602.35,9.74,14.88,5.69,79.58,0.0
2017-03-04,beer,40204.81,14.11,18.85,10.68,79.7,16.35
2017-03-05,beer,39183.76,13.86,18.2,10.15,72.98,0.0
2017-03-06,beer,37881.26,13.59,17.69,9.6,80.96,0.0
2017-03-07,beer,49515.44,14.04,18.31,11.18,75.51,0.0
2017-03-08,beer,46894.89,16.5,20.71,12.4,81.73,0.0
2017-03-09,beer,45537.04,13.31,19.76,8.42,73.9,0.0
2017-03-10,beer,42625.13,15.67,21.41,11.64,71.64,4.87
2017-03-11,beer,38845.29,13.89,18.94,10.07,78.33,9.3
2017-03-12,beer,39044.46,16.01,19.84,12.53,65.24,21.52
2017-03-13,beer,36331.44,16.89,22.46,12.34,61.96,0.0
2017-03-14,beer,47194.16,15.96,21.1,11.92,63.08,0.0
2017-03-15,beer,47564.16,19.67,24.72,15.45,65.53,0.0
2017-03-16,beer,46612.5,17.24,22.19,11.91,56.44,0.0
2017-03-17,beer,44058.46,15.46,20.28,12.35,62.48,0.0
2017-03-18,beer,42931.34,14.71,21.29,9.65,58.89,9.02
2017-03-19,beer,37137.5,14.77,19.29,11.77,59.86,0.0
2017-03-20,beer,40602.65,11.67,16.14,7.66,60.53,0.0
2017-03-21,beer,41510.15,14.47,19.9,10.98,56.73,0.0
2017-03-22,beer,48948.37,14.81,20.6,11.03,52.06,12.64
2017-03-23,beer,45318.44,13.98,19.72,9.86,62.18,0.0
2017-03-24,beer,45742.28,14.82,19.79,11.55,52.94,0.0
2017-03-25,beer,43147.91,12.9,18.36,8.02,62.24,0.0
2017-03-26,beer,42332.87,11.78,16.7,8.45,64.38,0.0
2017-03-27,beer,43741.84,12.09,16.21,8.26,61.58,0.0
2017-03-28,beer,41730.56,11.08,15.87,7.35,71.26,10.09
2017-03-29,beer,46847.91,11.01,16.64,7.0,67.18,0.0
2017-03-30,beer,40699.63,12.11,17.68,9.5,75.03,0.0
2017-03-31,beer,42133.66,12.86,17.54,8.39,74.3,0.0
2017-04-01,beer,36298.79,12.84,18.19,8.73,81.36,0.0
2017-04-02,beer,31892.01,13.12,18.04,8.28,84.25,0.0
2017-04-03,beer,33156.5,13.03,18.59,8.21,83.74,0.0
2017-04-04,beer,46416.59,12.1,15.9,7.41,73.94,0.0
2017-04-05,beer,46879.6,11.74,17.51,8.5,76.7,0.0
2017-04-06,beer,51174.28,14.45,20.66,11.3,76.24,0.0
2017-04-07,beer,42003.32,12.92,18.06,9.54,86.91,10.9
2017-04-08,beer,38710.24,14.64,20.35,9.75,71.7,0.0
2017-04-09,beer,36526.09,14.92,19.22,10.83,77.23,0.0
2017-04-10,beer,39321.19,16.64,21.54,11.8,63.9,0.0
2017-04-11,beer,47843.71,15.44,18.92,12.0,74.52,9.99
2017-04-12,beer,46032.24,15.62,19.99,11.34,68.46,4.23
2017-04-13,beer,51481.98,17.37,22.69,14.25,67.69,12.4
2017-04-14,beer,38447.71,18.61,23.58,13.31,69.99,0.0
2017-04-15,beer,37209.02,19.12,24.99,15.53,54.44,0.0
2017-04-16,beer,41309.87,17.4,22.06,13.19,59.2,0.0
2017-04-17,beer,51438.25,21.61,26.82,17.11,58.2,0.0
2017-04-18,beer,44822.22,19.78,25.52,17.08,45.63,0.0
2017-04-19,beer,55073.61,21.14,25.82,17.42,55.85,0.0
2017-04-20,beer,53409.81,21.79,27.81,18.12,51.12,0.0
2017-04-21,beer,42526.58,23.31,27.29,17.38,63.92,0.0
2017-04-22,beer,43357.22,22.59,27.48,18.81,61.79,0.0
2017-04-23,beer,43091.17,23.47,29.67,19.04,59.6,3.94
2017-04-24,beer,41903.73,23.39,28.33,18.74,54.06,0.0
2017-04-25,beer,46006.89,23.52,28.37,19.04,59.39,0.0
2017-04-26,beer,52918.43,25.57,29.3,21.13,65.32,0.0
2017-04-27,beer,53073.59,24.74,30.59,22.06,70.6,0.0
2017-04-28,beer,43102.21,21.8,25.93,18.01,68.55,0.0
2017-04-29,beer,45872.2,23.16,27.51,20.84,68.62,7.73
2017-04-30,beer,40831.53,23.35,29.03,19.17,70.51,0.27
2017-05-01,beer,42453.72,26.51,29.83,24.52,75.62,0.0
2017-05-02,beer,49545.1,22.91,28.58,18.73,66.48,0.0
2017-05-03,beer,47159.27,22.61,27.86,17.19,77.49,0.0
2017-05-04,beer,49093.0,22.53,28.44,18.71,81.42,3.61
2017-05-05,beer,43882.32,21.86,26.37,17.25,88.61,0.0
2017-05-06,beer,43679.61,20.59,26.05,14.78,73.12,0.0
2017-05-07,beer,42143.89,21.11,25.49,17.22,80.5,0.0
2017-05-08,beer,43789.94,20.43,25.12,16.84,79.51,13.29
2017-05-09,beer,52557.41,19.78,23.62,15.81,75.03,1.11
2017-05-10,beer,45648.11,21.02,26.96,16.69,84.85,0.0
2017-05-11,beer,53022.97,21.93,28.67,18.45,71.83,0.0
2017-05-12,beer,43936.41,21.22,27.11,18.67,68.35,0.0
2017-05-13,beer,39132.71,19.62,24.89,16.66,64.2,0.0
2017-05-14,beer,42648.17,20.47,25.34,16.84,71.03,0.0
2016-03-01,dehumidifier,5052.88,11.56,16.04,7.37,80.69,0.0
2016-03-02,dehumidifier,5963.6,13.03,17.73,10.41,81.86,0.0
2016-03-03,dehumidifier,5522.9,11.4,16.08,6.76,82.67,0.0
2016-03-04,dehumidifier,3674.27,12.5,18.07,9.53,74.22,8.5
2016-03-05,dehumidifier,4299.95,15.06,19.51,10.74,74.16,0.0
2016-03-06,dehumidifier,3879.45,13.9,20.88,11.15,72.5,21.9
2016-03-07,dehumidifier,5177.16,15.87,19.83,11.18,75.11,1.1
2016-03-08,dehumidifier,5007.11,13.22,17.22,9.42,75.29,0.0
2016-03-09,dehumidifier,4806.01,14.41,19.28,10.18,68.75,0.0
2016-03-10,dehumidifier,4800.49,13.52,17.72,8.22,77.94,0.0
2016-03-11,dehumidifier,2967.35,17.69,22.17,13.41,68.46,0.0
2016-03-12,dehumidifier,2771.44,15.1,20.68,10.44,65.59,0.0
2016-03-13,dehumidifier,3596.23,15.41,21.85,10.44,58.02,0.0
2016-03-14,dehumidifier,3786.46,17.06,22.04,12.79,58.38,3.82
2016-03-15,dehumidifier,4226.23,16.93,20.94,13.06,62.8,0.0
2016-03-16,dehumidifier,3903.45,13.76,18.36,9.26,61.11,0.0
2016-03-17,dehumidifier,2969.43,16.63,21.99,13.28,54.15,0.0
2016-03-18,dehumidifier,2726.4,16.24,21.75,11.05,59.79,0.0
2016-03-19,dehumidifier,3058.7,13.53,18.76,9.91,53.52,0.0
2016-03-20,dehumidifier,2922.45,13.52,17.67,9.01,57.37,0.66
2016-03-21,dehumidifier,4944.46,14.37,18.78,12.26,68.81,5.85
2016-03-22,dehumidifier,3838.77,13.96,18.7,9.38,58.06,0.0
2016-03-23,dehumidifier,3592.68,16.28,22.37,12.86,55.32,0.0
2016-03-24,dehumidifier,3768.86,14.25,18.72,9.7,61.95,0.0
2016-03-25,dehumidifier,2884.41,10.92,14.38,8.09,64.79,0.0
2016-03-26,dehumidifier,2998.06,11.09,17.5,7.76,64.97,0.0
2016-03-27,dehumidifier,4517.6,11.4,16.24,7.36,75.45,0.0
2016-03-28,dehumidifier,4247.34,13.53,17.8,10.27,66.64,0.0
2016-03-29,dehumidifier,5738.28,10.65,17.0,6.16,81.24,0.0
2016-03-30,dehumidifier,4966.25,12.23,16.57,8.61,72.26,0.0
2016-03-31,dehumidifier,4411.34,12.66,17.38,9.43,71.79,29.4
2016-04-01,dehumidifier,3844.69,11.69,17.43,6.44,71.7,0.0
2016-04-02,dehumidifier,3960.32,12.58,18.26,8.93,77.06,0.92
2016-04-03,dehumidifier,5189.6,13.4,16.65,8.74,86.16,0.0
2016-04-04,dehumidifier,5779.42,13.59,19.79,9.72,80.62,9.96
2016-04-05,dehumidifier,5907.03,11.32,17.45,7.58,83.64,6.06
2016-04-06,dehumidifier,5742.75,13.55,19.33,8.77,82.91,0.0
2016-04-07,dehumidifier,5156.93,12.32,17.28,8.43,82.97,6.27
2016-04-08,dehumidifier,4965.74,13.75,18.05,9.32,81.61,0.0
2016-04-09,dehumidifier,4518.85,15.33,21.27,10.4,79.85,12.66
2016-04-10,dehumidifier,3316.72,14.72,19.38,9.8,62.47,0.0
2016-04-11,dehumidifier,4594.23,14.67,20.65,11.52,72.05,0.0
2016-04-12,dehumidifier,4875.35,15.68,21.31,11.04,63.81,0.0
2016-04-13,dehumidifier,4563.74,18.16,21.61,14.46,63.8,0.0
2016-04-14,dehumidifier,3540.41,20.64,25.53,15.95,63.17,0.0
2016-04-15,dehumidifier,3158.36,19.03,23.86,14.21,57.44,0.0
2016-04-16,dehumidifier,2443.0,19.81,24.18,15.29,57.09,0.0
2016-04-17,dehumidifier,3242.69,20.44,24.69,16.25,57.17,0.0
2016-04-18,dehumidifier,4017.5,20.94,26.1,16.14,60.25,0.0
2016-04-19,dehumidifier,4066.52,23.7,28.53,19.98,56.15,0.0
2016-04-20,dehumidifier,4105.91,23.92,28.69,19.13,58.9,0.0
2016-04-21,dehumidifier,3172.88,23.42,28.21,19.71,49.28,0.0
2016-04-22,dehumidifier,3438.51,23.43,29.08,19.16,56.5,0.0
2016-04-23,dehumidifier,3725.55,20.61,26.19,16.79,60.28,0.0
2016-04-24,dehumidifier,4001.24,26.1,29.63,21.54,63.87,0.0
2016-04-25,dehumidifier,3586.38,25.11,29.96,20.28,60.92,0.0
2016-04-26,dehumidifier,5132.75,23.96,27.8,21.51,65.7,15.35
2016-04-27,dehumidifier,4274.92,24.72,30.43,19.73,65.83,0.0
2016-04-28,dehumidifier,3844.05,23.67,28.8,20.19,63.51,0.0
2016-04-29,dehumidifier,3658.38,24.81,30.2,22.03,72.65,0.0
2016-04-30,dehumidifier,3750.77,24.16,28.71,19.7,70.42,18.28
2016-05-01,dehumidifier,4521.64,26.47,31.06,22.2,75.06,0.0
2016-05-02,dehumidifier,4747.73,23.5,28.62,20.24,81.52,10.74
2016-05-03,dehumidifier,6139.15,24.89,29.26,20.56,84.79,0.0
2016-05-04,dehumidifier,4748.82,21.97,26.84,17.96,73.01,0.0
2016-05-05,dehumidifier,5636.56,23.56,29.23,20.23,78.87,0.0
2016-05-06,dehumidifier,5401.94,20.2,25.25,15.48,85.39,10.27
2016-05-07,dehumidifier,4631.73,25.07,28.74,20.31,80.19,0.0
2016-05-08,dehumidifier,4644.67,20.28,25.57,16.16,78.53,1.76
2016-05-09,dehumidifier,5032.77,18.78,24.12,14.91,70.36,0.0
2016-05-10,dehumidifier,4425.6,21.13,25.69,16.05,74.12,0.0
2016-05-11,dehumidifier,4706.11,22.68,28.09,18.4,74.71,0.0
2016-05-12,dehumidifier,4913.48,19.49,23.89,14.23,80.22,0.0
2016-05-13,dehumidifier,3681.64,22.59,28.05,18.26,72.03,0.0
2016-05-14,dehumidifier,2337.8,22.1,26.78,18.45,62.28,0.0
2017-03-01,dehumidifier,5795.65,9.63,14.06,5.27,71.09,12.15
2017-03-02,dehumidifier,5269.9,9.76,14.57,5.5,80.41,0.0
2017-03-03,dehumidifier,5379.58,9.74,14.88,5.69,79.58,0.0
2017-03-04,dehumidifier,4647.4,14.11,18.85,10.68,79.7,16.35
2017-03-05,dehumidifier,4577.02,13.86,18.2,10.15,72.98,0.0
2017-03-06,dehumidifier,5557.6,13.59,17.69,9.6,80.96,0.0
2017-03-07,dehumidifier,5565.97,14.04,18.31,11.18,75.51,0.0
2017-03-08,dehumidifier,6504.46,16.5,20.71,12.4,81.73,0.0
2017-03-09,dehumidifier,5445.74,13.31,19.76,8.42,73.9,0.0
2017-03-10,dehumidifier,5090.23,15.67,21.41,11.64,71.64,4.87
2017-03-11,dehumidifier,4724.35,13.89,18.94,10.07,78.33,9.3
2017-03-12,dehumidifier,3688.77,16.01,19.84,12.53,65.24,21.52
2017-03-13,dehumidifier,3776.8,16.89,22.46,12.34,61.96,0.0
2017-03-14,dehumidifier,4703.0,15.96,21.1,11.92,63.08,0.0
2017-03-15,dehumidifier,5431.22,19.67,24.72,15.45,65.53,0.0
2017-03-16,dehumidifier,3870.63,17.24,22.19,11.91,56.44,0.0
2017-03-17,dehumidifier,4073.26,15.46,20.28,12.35,62.48,0.0
2017-03-18,dehumidifier,3760.42,14.71,21.29,9.65,58.89,9.02
2017-03-19,dehumidifier,3638.31,14.77,19.29,11.77,59.86,0.0
2017-03-20,dehumidifier,3081.99,11.67,16.14,7.66,60.53,0.0
2017-03-21,dehumidifier,3638.09,14.47,19.9,10.98,56.73,0.0
2017-03-22,dehumidifier,3556.97,14.81,20.6,11.03,52.06,12.64
2017-03-23,dehumidifier,4231.45,13.98,19.72,9.86,62.18,0.0
2017-03-24,dehumidifier,3526.15,14.82,19.79,11.55,52.94,0.0
2017-03-25,dehumidifier,3628.23,12.9,18.36,8.02,62.24,0.0
2017-03-26,dehumidifier,4229.44,11.78,16.7,8.45,64.38,0.0
2017-03-27,dehumidifier,3477.06,12.09,16.21,8.26,61.58,0.0
2017-03-28,dehumidifier,4977.63,11.08,15.87,7.35,71.26,10.09
2017-03-29,dehumidifier,5081.24,11.01,16.64,7.0,67.18,0.0
2017-03-30,dehumidifier,5008.58,12.11,17.68,9.5,75.03,0.0
2017-03-31,dehumidifier,5113.61,12.86,17.54,8.39,74.3,0.0
2017-04-01,dehumidifier,5138.14,12.84,18.19,8.73,81.36,0.0
2017-04-02,dehumidifier,5681.46,13.12,18.04,8.28,84.25,0.0
2017-04-03,dehumidifier,5369.89,13.03,18.59,8.21,83.74,0.0
2017-04-04,dehumidifier,5387.86,12.1,15.9,7.41,73.94,0.0
2017-04-05,dehumidifier,5554.38,11.74,17.51,8.5,76.7,0.0
2017-04-06,dehumidifier,5584.59,14.45,20.66,11.3,76.24,0.0
2017-04-07,dehumidifier,5734.12,12.92,18.06,9.54,86.91,10.9
2017-04-08,dehumidifier,4389.88,14.64,20.35,9.75,71.7,0.0
2017-04-09,dehumidifier,4597.26,14.92,19.22,10.83,77.23,0.0
2017-04-10,dehumidifier,3497.45,16.64,21.54,11.8,63.9,0.0
2017-04-11,dehumidifier,5025.51,15.44,18.92,12.0,74.52,9.99
2017-04-12,dehumidifier,4757.39,15.62,19.99,11.34,68.46,4.23
2017-04-13,dehumidifier,5226.62,17.37,22.69,14.25,67.69,12.4
2017-04-14,dehumidifier,4150.01,18.61,23.58,13.31,69.99,0.0
2017-04-15,dehumidifier,3306.68,19.12,24.99,15.53,54.44,0.0
2017-04-16,dehumidifier,4125.91,17.4,22.06,13.19,59.2,0.0
2017-04-17,dehumidifier,3697.4,21.61,26.82,17.11,58.2,0.0
2017-04-18,dehumidifier,3611.34,19.78,25.52,17.08,45.63,0.0
2017-04-19,dehumidifier,4511.94,21.14,25.82,17.42,55.85,0.0
2017-04-20,dehumidifier,3949.9,21.79,27.81,18.12,51.12,0.0
2017-04-21,dehumidifier,4404.47,23.31,27.29,17.38,63.92,0.0
2017-04-22,dehumidifier,4163.6,22.59,27.48,18.81,61.79,0.0
2017-04-23,dehumidifier,3641.89,23.47,29.67,19.04,59.6,3.94
2017-04-24,dehumidifier,4117.95,23.39,28.33,18.74,54.06,0.0
2017-04-25,dehumidifier,4037.11,23.52,28.37,19.04,59.39,0.0
2017-04-26,dehumidifier,5433.53,25.57,29.3,21.13,65.32,0.0
2017-04-27,dehumidifier,5092.07,24.74,30.59,22.06,70.6,0.0
2017-04-28,dehumidifier,4856.0,21.8,25.93,18.01,68.55,0.0
2017-04-29,dehumidifier,4632.93,23.16,27.51,20.84,68.62,7.73
2017-04-30,dehumidifier,4000.28,23.35,29.03,19.17,70.51,0.27
2017-05-01,dehumidifier,4824.8,26.51,29.83,24.52,75.62,0.0
2017-05-02,dehumidifier,4295.91,22.91,28.58,18.73,66.48,0.0
2017-05-03,dehumidifier,5861.86,22.61,27.86,17.19,77.49,0.0
2017-05-04,dehumidifier,6055.77,22.53,28.44,18.71,81.42,3.61
2017-05-05,dehumidifier,5649.24,21.86,26.37,17.25,88.61,0.0
2017-05-06,dehumidifier,4875.31,20.59,26.05,14.78,73.12,0.0
2017-05-07,dehumidifier,5112.46,21.11,25.49,17.22,80.5,0.0
2017-05-08,dehumidifier,5063.37,20.43,25.12,16.84,79.51,13.29
2017-05-09,dehumidifier,5450.58,19.78,23.62,15.81,75.03,1.11
2017-05-10,dehumidifier,6381.84,21.02,26.96,16.69,84.85,0.0
2017-05-11,dehumidifier,5677.0,21.93,28.67,18.45,71.83,0.0
2017-05-12,dehumidifier,4267.66,21.22,27.11,18.67,68.35,0.0
2017-05-13,dehumidifier,3412.08,19.62,24.89,16.66,64.2,0.0
2017-05-14,dehumidifier,4193.35,20.47,25.34,16.84,71.03,0.0
2016-03-01,ice cream,3739.69,11.56,16.04,7.37,80.69,0.0
2016-03-02,ice cream,4208.25,13.03,17.73,10.41,81.86,0.0
2016-03-03,ice cream,3386.63,11.4,16.08,6.76,82.67,0.0
2016-03-04,ice cream,4072.94,12.5,18.07,9.53,74.22,8.5
2016-03-05,ice cream,3072.19,15.06,19.51,10.74,74.16,0.0
2016-03-06,ice cream,2988.39,13.9,20.88,11.15,72.5,21.9
2016-03-07,ice cream,3405.68,15.87,19.83,11.18,75.11,1.1
2016-03-08,ice cream,3516.11,13.22,17.22,9.42,75.29,0.0
2016-03-09,ice cream,3717.14,14.41,19.28,10.18,68.75,0.0
2016-03-10,ice cream,3635.88,13.52,17.72,8.22,77.94,0.0
2016-03-11,ice cream,4722.14,17.69,22.17,13.41,68.46,0.0
2016-03-12,ice cream,3354.01,15.1,20.68,10.44,65.59,0.0
2016-03-13,ice cream,3815.68,15.41,21.85,10.44,58.02,0.0
2016-03-14,ice cream,4182.5,17.06,22.04,12.79,58.38,3.82
2016-03-15,ice cream,4303.41,16.93,20.94,13.06,62.8,0.0
2016-03-16,ice cream,3996.38,13.76,18.36,9.26,61.11,0.0
2016-03-17,ice cream,4629.39,16.63,21.99,13.28,54.15,0.0
2016-03-18,ice cream,4064.04,16.24,21.75,11.05,59.79,0.0
2016-03-19,ice cream,4075.77,13.53,18.76,9.91,53.52,0.0
2016-03-20,ice cream,3257.84,13.52,17.67,9.01,57.37,0.66
2016-03-21,ice cream,3879.43,14.37,18.78,12.26,68.81,5.85
2016-03-22,ice cream,4407.89,13.96,18.7,9.38,58.06,0.0
2016-03-23,ice cream,4740.4,16.28,22.37,12.86,55.32,0.0
2016-03-24,ice cream,4932.56,14.25,18.72,9.7,61.95,0.0
2016-03-25,ice cream,3574.89,10.92,14.38,8.09,64.79,0.0
2016-03-26,ice cream,2825.97,11.09,17.5,7.76,64.97,0.0
2016-03-27,ice cream,2552.05,11.4,16.24,7.36,75.45,0.0
2016-03-28,ice cream,3663.94,13.53,17.8,10.27,66.64,0.0
2016-03-29,ice cream,3640.92,10.65,17.0,6.16,81.24,0.0
2016-03-30,ice cream,4039.22,12.23,16.57,8.61,72.26,0.0
2016-03-31,ice cream,3783.13,12.66,17.38,9.43,71.79,29.4
2016-04-01,ice cream,3096.62,11.69,17.43,6.44,71.7,0.0
2016-04-02,ice cream,2868.48,12.58,18.26,8.93,77.06,0.92
2016-04-03,ice cream,3651.08,13.4,16.65,8.74,86.16,0.0
2016-04-04,ice cream,3729.14,13.59,19.79,9.72,80.62,9.96
2016-04-05,ice cream,2759.26,11.32,17.45,7.58,83.64,6.06
2016-04-06,ice cream,4264.52,13.55,19.33,8.77,82.91,0.0
2016-04-07,ice cream,3977.76,12.32,17.28,8.43,82.97,6.27
2016-04-08,ice cream,3661.2,13.75,18.05,9.32,81.61,0.0
2016-04-09,ice cream,3952.82,15.33,21.27,10.4,79.85,12.66
2016-04-10,ice cream,3510.4,14.72,19.38,9.8,62.47,0.0
2016-04-11,ice cream,3617.94,14.67,20.65,11.52,72.05,0.0
2016-04-12,ice cream,3457.41,15.68,21.31,11.04,63.81,0.0
2016-04-13,ice cream,4470.61,18.16,21.61,14.46,63.8,0.0
2016-04-14,ice cream,4746.12,20.64,25.53,15.95,63.17,0.0
2016-04-15,ice cream,5003.4,19.03,23.86,14.21,57.44,0.0
2016-04-16,ice cream,4869.87,19.81,24.18,15.29,57.09,0.0
2016-04-17,ice cream,3974.6,20.44,24.69,16.25,57.17,0.0
2016-04-18,ice cream,4184.13,20.94,26.1,16.14,60.25,0.0
2016-04-19,ice cream,5400.75,23.7,28.53,19.98,56.15,0.0
2016-04-20,ice cream,5215.87,23.92,28.69,19.13,58.9,0.0
2016-04-21,ice cream,5999.1,23.42,28.21,19.71,49.28,0.0
2016-04-22,ice cream,5276.15,23.43,29.08,19.16,56.5,0.0
2016-04-23,ice cream,4929.74,20.61,26.19,16.79,60.28,0.0
2016-04-24,ice cream,4799.83,26.1,29.63,21.54,63.87,0.0
2016-04-25,ice cream,4822.25,25.11,29.96,20.28,60.92,0.0
2016-04-26,ice cream,5211.74,23.96,27.8,21.51,65.7,15.35
2016-04-27,ice cream,6221.32,24.72,30.43,19.73,65.83,0.0
2016-04-28,ice cream,5677.1,23.67,28.8,20.19,63.51,0.0
2016-04-29,ice cream,5377.43,24.81,30.2,22.03,72.65,0.0
2016-04-30,ice cream,4595.81,24.16,28.71,19.7,70.42,18.28
2016-05-01,ice cream,5155.58,26.47,31.06,22.2,75.06,0.0
2016-05-02,ice cream,4185.53,23.5,28.62,20.24,81.52,10.74
2016-05-03,ice cream,5173.83,24.89,29.26,20.56,84.79,0.0
2016-05-04,ice cream,5268.67,21.97,26.84,17.96,73.01,0.0
2016-05-05,ice cream,4727.57,23.56,29.23,20.23,78.87,0.0
2016-05-06,ice cream,4445.96,20.2,25.25,15.48,85.39,10.27
2016-05-07,ice cream,5012.97,25.07,28.74,20.31,80.19,0.0
2016-05-08,ice cream,3887.73,20.28,25.57,16.16,78.53,1.76
2016-05-09,ice cream,4059.81,18.78,24.12,14.91,70.36,0.0
2016-05-10,ice cream,4369.03,21.13,25.69,16.05,74.12,0.0
2016-05-11,ice cream,4878.06,22.68,28.09,18.4,74.71,0.0
2016-05-12,ice cream,5113.43,19.49,23.89,14.23,80.22,0.0
2016-05-13,ice cream,5117.96,22.59,28.05,18.26,72.03,0.0
2016-05-14,ice cream,4469.56,22.1,26.78,18.45,62.28,0.0
2017-03-01,ice cream,3864.29,9.63,14.06,5.27,71.09,12.15
2017-03-02,ice cream,3949.34,9.76,14.57,5.5,80.41,0.0
2017-03-03,ice cream,4463.29,9.74,14.88,5.69,79.58,0.0
2017-03-04,ice cream,4430.95,14.11,18.85,10.68,79.7,16.35
2017-03-05,ice cream,4065.64,13.86,18.2,10.15,72.98,0.0
2017-03-06,ice cream,3266.1,13.59,17.69,9.6,80.96,0.0
2017-03-07,ice cream,3948.48,14.04,18.31,11.18,75.51,0.0
2017-03-08,ice cream,4658.04,16.5,20.71,12.4,81.73,0.0
2017-03-09,ice cream,4230.57,13.31,19.76,8.42,73.9,0.0
2017-03-10,ice cream,4851.94,15.67,21.41,11.64,71.64,4.87
2017-03-11,ice cream,4305.16,13.89,18.94,10.07,78.33,9.3
2017-03-12,ice cream,3960.63,16.01,19.84,12.53,65.24,21.52
2017-03-13,ice cream,3897.91,16.89,22.46,12.34,61.96,0.0
2017-03-14,ice cream,4249.26,15.96,21.1,11.92,63.08,0.0
2017-03-15,ice cream,4979.92,19.67,24.72,15.45,65.53,0.0
2017-03-16,ice cream,4774.23,17.24,22.19,11.91,56.44,0.0
2017-03-17,ice cream,4461.6,15.46,20.28,12.35,62.48,0.0
2017-03-18,ice cream,5202.62,14.71,21.29,9.65,58.89,9.02
2017-03-19,ice cream,3941.22,14.77,19.29,11.77,59.86,0.0
2017-03-20,ice cream,3622.18,11.67,16.14,7.66,60.53,0.0
2017-03-21,ice cream,3571.22,14.47,19.9,10.98,56.73,0.0
2017-03-22,ice cream,4476.02,14.81,20.6,11.03,52.06,12.64
2017-03-23,ice cream,3933.88,13.98,19.72,9.86,62.18,0.0
2017-03-24,ice cream,4990.17,14.82,19.79,11.55,52.94,0.0
2017-03-25,ice cream,3835.05,12.9,18.36,8.02,62.24,0.0
2017-03-26,ice cream,3887.65,11.78,16.7,8.45,64.38,0.0
2017-03-27,ice cream,3423.57,12.09,16.21,8.26,61.58,0.0
2017-03-28,ice cream,3891.27,11.08,15.87,7.35,71.26,10.09
2017-03-29,ice cream,3414.94,11.01,16.64,7.0,67.18,0.0
2017-03-30,ice cream,4548.33,12.11,17.68,9.5,75.03,0.0
2017-03-31,ice cream,4947.74,12.86,17.54,8.39,74.3,0.0
2017-04-01,ice cream,4383.58,12.84,18.19,8.73,81.36,0.0
2017-04-02,ice cream,3792.86,13.12,18.04,8.28,84.25,0.0
2017-04-03,ice cream,4050.66,13.03,18.59,8.21,83.74,0.0
2017-04-04,ice cream,3174.46,12.1,15.9,7.41,73.94,0.0
2017-04-05,ice cream,3585.85,11.74,17.51,8.5,76.7,0.0
2017-04-06,ice cream,4600.52,14.45,20.66,11.3,76.24,0.0
2017-04-07,ice cream,4614.04,12.92,18.06,9.54,86.91,10.9
2017-04-08,ice cream,4128.77,14.64,20.35,9.75,71.7,0.0
2017-04-09,ice cream,3925.4,14.92,19.22,10.83,77.23,0.0
2017-04-10,ice cream,4161.46,16.64,21.54,11.8,63.9,0.0
2017-04-11,ice cream,3440.32,15.44,18.92,12.0,74.52,9.99
2017-04-12,ice cream,4448.51,15.62,19.99,11.34,68.46,4.23
2017-04-13,ice cream,5536.18,17.37,22.69,14.25,67.69,12.4
2017-04-14,ice cream,5064.81,18.61,23.58,13.31,69.99,0.0
2017-04-15,ice cream,5170.98,19.12,24.99,15.53,54.44,0.0
2017-04-16,ice cream,4509.97,17.4,22.06,13.19,59.2,0.0
2017-04-17,ice cream,4554.48,21.61,26.82,17.11,58.2,0.0
2017-04-18,ice cream,4391.06,19.78,25.52,17.08,45.63,0.0
2017-04-19,ice cream,5417.39,21.14,25.82,17.42,55.85,0.0
2017-04-20,ice cream,5682.86,21.79,27.81,18.12,51.12,0.0
2017-04-21,ice cream,5709.56,23.31,27.29,17.38,63.92,0.0
2017-04-22,ice cream,5210.45,22.59,27.48,18.81,61.79,0.0
2017-04-23,ice cream,4796.0,23.47,29.67,19.04,59.6,3.94
2017-04-24,ice cream,4662.85,23.39,28.33,18.74,54.06,0.0
2017-04-25,ice cream,4684.67,23.52,28.37,19.04,59.39,0.0
2017-04-26,ice cream,5587.5,25.57,29.3,21.13,65.32,0.0
2017-04-27,ice cream,5229.79,24.74,30.59,22.06,70.6,0.0
2017-04-28,ice cream,6065.39,21.8,25.93,18.01,68.55,0.0
2017-04-29,ice cream,5771.58,23.16,27.51,20.84,68.62,7.73
2017-04-30,ice cream,4463.11,23.35,29.03,19.17,70.51,0.27
2017-05-01,ice cream,5312.12,26.51,29.83,24.52,75.62,0.0
2017-05-02,ice cream,4805.54,22.91,28.58,18.73,66.48,0.0
2017-05-03,ice cream,4599.01,22.61,27.86,17.19,77.49,0.0
2017-05-04,ice cream,4959.48,22.53,28.44,18.71,81.42,3.61
2017-05-05,ice cream,4889.83,21.86,26.37,17.25,88.61,0.0
2017-05-06,ice cream,4529.19,20.59,26.05,14.78,73.12,0.0
2017-05-07,ice cream,4293.08,21.11,25.49,17.22,80.5,0.0
2017-05-08,ice cream,3967.66,20.43,25.12,16.84,79.51,13.29
2017-05-09,ice cream,4548.8,19.78,23.62,15.81,75.03,1.11
2017-05-10,ice cream,4633.43,21.02,26.96,16.69,84.85,0.0
2017-05-11,ice cream,5848.41,21.93,28.67,18.45,71.83,0.0
2017-05-12,ice cream,6049.72,21.22,27.11,18.67,68.35,0.0
2017-05-13,ice cream,4915.4,19.62,24.89,16.66,64.2,0.0
2017-05-14,ice cream,4585.67,20.47,25.34,16.84,71.03,0.0
2016-03-01,insect repellent,3433.7,11.56,16.04,7.37,80.69,0.0
2016-03-02,insect repellent,3936.39,13.03,17.73,10.41,81.86,0.0
2016-03-03,insect repellent,4137.17,11.4,16.08,6.76,82.67,0.0
2016-03-04,insect repellent,3155.81,12.5,18.07,9.53,74.22,8.5
2016-03-05,insect repellent,3708.42,15.06,19.51,10.74,74.16,0.0
2016-03-06,insect repellent,2339.14,13.9,20.88,11.15,72.5,21.9
2016-03-07,insect repellent,3454.09,15.87,19.83,11.18,75.11,1.1
2016-03-08,insect repellent,3556.73,13.22,17.22,9.42,75.29,0.0
2016-03-09,insect repellent,3938.25,14.41,19.28,10.18,68.75,0.0
2016-03-10,insect repellent,3450.94,13.52,17.72,8.22,77.94,0.0
2016-03-11,insect repellent,3584.79,17.69,22.17,13.41,68.46,0.0
2016-03-12,insect repellent,3211.95,15.1,20.68,10.44,65.59,0.0
2016-03-13,insect repellent,3052.71,15.41,21.85,10.44,58.02,0.0
2016-03-14,insect repellent,3165.99,17.06,22.04,12.79,58.38,3.82
2016-03-15,insect repellent,3603.73,16.93,20.94,13.06,62.8,0.0
2016-03-16,insect repellent,3729.65,13.76,18.36,9.26,61.11,0.0
2016-03-17,insect repellent,3297.09,16.63,21.99,13.28,54.15,0.0
2016-03-18,insect repellent,3367.85,16.24,21.75,11.05,59.79,0.0
2016-03-19,insect repellent,2643.82,13.53,18.76,9.91,53.52,0.0
2016-03-20,insect repellent,2414.78,13.52,17.67,9.01,57.37,0.66
2016-03-21,insect repellent,3016.3,14.37,18.78,12.26,68.81,5.85
2016-03-22,insect repellent,3056.85,13.96,18.7,9.38,58.06,0.0
2016-03-23,insect repellent,3485.56,16.28,22.37,12.86,55.32,0.0
2016-03-24,insect repellent,3404.62,14.25,18.72,9.7,61.95,0.0
2016-03-25,insect repellent,2981.82,10.92,14.38,8.09,64.79,0.0
2016-03-26,insect repellent,3141.42,11.09,17.5,7.76,64.97,0.0
2016-03-27,insect repellent,3402.51,11.4,16.24,7.36,75.45,0.0
2016-03-28,insect repellent,2945.74,13.53,17.8,10.27,66.64,0.0
2016-03-29,insect repellent,2888.14,10.65,17.0,6.16,81.24,0.0
2016-03-30,insect repellent,3106.71,12.23,16.57,8.61,72.26,0.0
2016-03-31,insect repellent,3634.69,12.66,17.38,9.43,71.79,29.4
2016-04-01,insect repellent,3585.09,11.69,17.43,6.44,71.7,0.0
2016-04-02,insect repellent,3178.19,12.58,18.26,8.93,77.06,0.92
2016-04-03,insect repellent,3440.95,13.4,16.65,8.74,86.16,0.0
2016-04-04,insect repellent,3322.01,13.59,19.79,9.72,80.62,9.96
2016-04-05,insect repellent,3325.01,11.32,17.45,7.58,83.64,6.06
2016-04-06,insect repellent,3894.2,13.55,19.33,8.77,82.91,0.0
2016-04-07,insect repellent,4036.63,12.32,17.28,8.43,82.97,6.27
2016-04-08,insect repellent,3368.3,13.75,18.05,9.32,81.61,0.0
2016-04-09,insect repellent,2994.66,15.33,21.27,10.4,79.85,12.66
2016-04-10,insect repellent,3197.21,14.72,19.38,9.8,62.47,0.0
2016-04-11,insect repellent,3149.35,14.67,20.65,11.52,72.05,0.0
2016-04-12,insect repellent,3566.18,15.68,21.31,11.04,63.81,0.0
2016-04-13,insect repellent,3713.33,18.16,21.61,14.46,63.8,0.0
2016-04-14,insect repellent,3648.96,20.64,25.53,15.95,63.17,0.0
2016-04-15,insect repellent,2804.76,19.03,23.86,14.21,57.44,0.0
2016-04-16,insect repellent,2433.64,19.81,24.18,15.29,57.09,0.0
2016-04-17,insect repellent,2624.07,20.44,24.69,16.25,57.17,0.0
2016-04-18,insect repellent,3046.65,20.94,26.1,16.14,60.25,0.0
2016-04-19,insect repellent,3380.61,23.7,28.53,19.98,56.15,0.0
2016-04-20,insect repellent,3561.86,23.92,28.69,19.13,58.9,0.0
2016-04-21,insect repellent,3624.43,23.42,28.21,19.71,49.28,0.0
2016-04-22,insect repellent,4049.22,23.43,29.08,19.16,56.5,0.0
2016-04-23,insect repellent,2872.88,20.61,26.19,16.79,60.28,0.0
2016-04-24,insect repellent,3112.35,26.1,29.63,21.54,63.87,0.0
2016-04-25,insect repellent,3350.23,25.11,29.96,20.28,60.92,0.0
2016-04-26,insect repellent,3435.0,23.96,27.8,21.51,65.7,15.35
2016-04-27,insect repellent,4235.4,24.72,30.43,19.73,65.83,0.0
2016-04-28,insect repellent,4088.05,23.67,28.8,20.19,63.51,0.0
2016-04-29,insect repellent,3832.04,24.81,30.2,22.03,72.65,0.0
2016-04-30,insect repellent,3527.73,24.16,28.71,19.7,70.42,18.28
2016-05-01,insect repellent,3386.41,26.47,31.06,22.2,75.06,0.0
2016-05-02,insect repellent,3767.24,23.5,28.62,20.24,81.52,10.74
2016-05-03,insect repellent,4515.83,24.89,29.26,20.56,84.79,0.0
2016-05-04,insect repellent,4406.16,21.97,26.84,17.96,73.01,0.0
2016-05-05,insect repellent,3640.42,23.56,29.23,20.23,78.87,0.0
2016-05-06,insect repellent,3396.6,20.2,25.25,15.48,85.39,10.27
2016-05-07,insect repellent,3588.13,25.07,28.74,20.31,80.19,0.0
2016-05-08,insect repellent,3317.72,20.28,25.57,16.16,78.53,1.76
2016-05-09,insect repellent,3068.28,18.78,24.12,14.91,70.36,0.0
2016-05-10,insect repellent,3994.28,21.13,25.69,16.05,74.12,0.0
2016-05-11,insect repellent,4399.05,22.68,28.09,18.4,74.71,0.0
2016-05-12,insect repellent,4279.94,19.49,23.89,14.23,80.22,0.0
2016-05-13,insect repellent,3488.18,22.59,28.05,18.26,72.03,0.0
2016-05-14,insect repellent,3573.49,22.1,26.78,18.45,62.28,0.0
2017-03-01,insect repellent,3486.56,9.63,14.06,5.27,71.09,12.15
2017-03-02,insect repellent,4053.06,9.76,14.57,5.5,80.41,0.0
2017-03-03,insect repellent,3987.47,9.74,14.88,5.69,79.58,0.0
2017-03-04,insect repellent,3940.06,14.11,18.85,10.68,79.7,16.35
2017-03-05,insect repellent,3284.72,13.86,18.2,10.15,72.98,0.0
2017-03-06,insect repellent,3346.5,13.59,17.69,9.6,80.96,0.0
2017-03-07,insect repellent,3569.56,14.04,18.31,11.18,75.51,0.0
2017-03-08,insect repellent,4097.22,16.5,20.71,12.4,81.73,0.0
2017-03-09,insect repellent,4225.96,13.31,19.76,8.42,73.9,0.0
2017-03-10,insect repellent,3550.3,15.67,21.41,11.64,71.64,4.87
2017-03-11,insect repellent,3792.13,13.89,18.94,10.07,78.33,9.3
2017-03-12,insect repellent,3422.41,16.01,19.84,12.53,65.24,21.52
2017-03-13,insect repellent,2917.84,16.89,22.46,12.34,61.96,0.0
2017-03-14,insect repellent,3138.42,15.96,21.1,11.92,63.08,0.0
2017-03-15,insect repellent,4194.8,19.67,24.72,15.45,65.53,0.0
2017-03-16,insect repellent,3736.48,17.24,22.19,11.91,56.44,0.0
2017-03-17,insect repellent,3986.03,15.46,20.28,12.35,62.48,0.0
2017-03-18,insect repellent,3512.11,14.71,21.29,9.65,58.89,9.02
2017-03-19,insect repellent,2982.83,14.77,19.29,11.77,59.86,0.0
2017-03-20,insect repellent,2894.34,11.67,16.14,7.66,60.53,0.0
2017-03-21,insect repellent,3014.5,14.47,19.9,10.98,56.73,0.0
2017-03-22,insect repellent,3661.21,14.81,20.6,11.03,52.06,12.64
2017-03-23,insect repellent,3794.21,13.98,19.72,9.86,62.18,0.0
2017-03-24,insect repellent,3362.79,14.82,19.79,11.55,52.94,0.0
2017-03-25,insect repellent,3291.54,12.9,18.36,8.02,62.24,0.0
2017-03-26,insect repellent,2965.15,11.78,16.7,8.45,64.38,0.0
2017-03-27,insect repellent,3230.57,12.09,16.21,8.26,61.58,0.0
2017-03-28,insect repellent,3225.24,11.08,15.87,7.35,71.26,10.09
2017-03-29,insect repellent,3774.5,11.01,16.64,7.0,67.18,0.0
2017-03-30,insect repellent,4005.45,12.11,17.68,9.5,75.03,0.0
2017-03-31,insect repellent,4134.33,12.86,17.54,8.39,74.3,0.0
2017-04-01,insect repellent,3385.96,12.84,18.19,8.73,81.36,0.0
2017-04-02,insect repellent,3732.71,13.12,18.04,8.28,84.25,0.0
2017-04-03,insect repellent,3787.0,13.03,18.59,8.21,83.74,0.0
2017-04-04,insect repellent,3227.91,12.1,15.9,7.41,73.94,0.0
2017-04-05,insect repellent,3221.43,11.74,17.51,8.5,76.7,0.0
2017-04-06,insect repellent,4045.28,14.45,20.66,11.3,76.24,0.0
2017-04-07,insect repellent,4567.22,12.92,18.06,9.54,86.91,10.9
2017-04-08,insect repellent,3709.19,14.64,20.35,9.75,71.7,0.0
2017-04-09,insect repellent,3495.4,14.92,19.22,10.83,77.23,0.0
2017-04-10,insect repellent,3196.72,16.64,21.54,11.8,63.9,0.0
2017-04-11,insect repellent,3721.9,15.44,18.92,12.0,74.52,9.99
2017-04-12,insect repellent,3516.28,15.62,19.99,11.34,68.46,4.23
2017-04-13,insect repellent,4261.04,17.37,22.69,14.25,67.69,12.4
2017-04-14,insect repellent,4023.07,18.61,23.58,13.31,69.99,0.0
2017-04-15,insect repellent,3020.11,19.12,24.99,15.53,54.44,0.0
2017-04-16,insect repellent,3199.04,17.4,22.06,13.19,59.2,0.0
2017-04-17,insect repellent,3810.95,21.61,26.82,17.11,58.2,0.0
2017-04-18,insect repellent,2766.49,19.78,25.52,17.08,45.63,0.0
2017-04-19,insect repellent,3968.38,21.14,25.82,17.42,55.85,0.0
2017-04-20,insect repellent,3684.69,21.79,27.81,18.12,51.12,0.0
2017-04-21,insect repellent,3735.82,23.31,27.29,17.38,63.92,0.0
2017-04-22,insect repellent,4027.29,22.59,27.48,18.81,61.79,0.0
2017-04-23,insect repellent,3848.86,23.47,29.67,19.04,59.6,3.94
2017-04-24,insect repellent,3437.28,23.39,28.33,18.74,54.06,0.0
2017-04-25,insect repellent,3510.6,23.52,28.37,19.04,59.39,0.0
2017-04-26,insect repellent,4235.92,25.57,29.3,21.13,65.32,0.0
2017-04-27,insect repellent,4538.76,24.74,30.59,22.06,70.6,0.0
2017-04-28,insect repellent,4282.18,21.8,25.93,18.01,68.55,0.0
2017-04-29,insect repellent,4161.08,23.16,27.51,20.84,68.62,7.73
2017-04-30,insect repellent,3418.1,23.35,29.03,19.17,70.51,0.27
2017-05-01,insect repellent,3881.97,26.51,29.83,24.52,75.62,0.0
2017-05-02,insect repellent,3882.18,22.91,28.58,18.73,66.48,0.0
2017-05-03,insect repellent,4376.49,22.61,27.86,17.19,77.49,0.0
2017-05-04,insect repellent,4236.47,22.53,28.44,18.71,81.42,3.61
2017-05-05,insect repellent,4871.98,21.86,26.37,17.25,88.61,0.0
2017-05-06,insect repellent,3674.0,20.59,26.05,14.78,73.12,0.0
2017-05-07,insect repellent,4445.2,21.11,25.49,17.22,80.5,0.0
2017-05-08,insect repellent,3982.3,20.43,25.12,16.84,79.51,13.29
2017-05-09,insect repellent,4108.01,19.78,23.62,15.81,75.03,1.11
2017-05-10,insect repellent,4694.41,21.02,26.96,16.69,84.85,0.0
2017-05-11,insect repellent,4072.81,21.93,28.67,18.45,71.83,0.0
2017-05-12,insect repellent,4313.0,21.22,27.11,18.67,68.35,0.0
2017-05-13,insect repellent,3479.69,19.62,24.89,16.66,64.2,0.0
2017-05-14,insect repellent,3437.66,20.47,25.34,16.84,71.03,0.0
2016-03-01,jelly,9364.52,11.56,16.04,7.37,80.69,0.0
2016-03-02,jelly,11723.37,13.03,17.73,10.41,81.86,0.0
2016-03-03,jelly,11271.35,11.4,16.08,6.76,82.67,0.0
2016-03-04,jelly,8648.43,12.5,18.07,9.53,74.22,8.5
2016-03-05,jelly,9758.05,15.06,19.51,10.74,74.16,0.0
2016-03-06,jelly,10664.59,13.9,20.88,11.15,72.5,21.9
2016-03-07,jelly,10569.41,15.87,19.83,11.18,75.11,1.1
2016-03-08,jelly,8908.12,13.22,17.22,9.42,75.29,0.0
2016-03-09,jelly,11783.95,14.41,19.28,10.18,68.75,0.0
2016-03-10,jelly,11106.3,13.52,17.72,8.22,77.94,0.0
2016-03-11,jelly,10209.79,17.69,22.17,13.41,68.46,0.0
2016-03-12,jelly,8461.25,15.1,20.68,10.44,65.59,0.0
2016-03-13,jelly,8778.53,15.41,21.85,10.44,58.02,0.0
2016-03-14,jelly,10831.9,17.06,22.04,12.79,58.38,3.82
2016-03-15,jelly,12196.19,16.93,20.94,13.06,62.8,0.0
2016-03-16,jelly,10903.84,13.76,18.36,9.26,61.11,0.0
2016-03-17,jelly,11753.3,16.63,21.99,13.28,54.15,0.0
2016-03-18,jelly,9995.94,16.24,21.75,11.05,59.79,0.0
2016-03-19,jelly,8956.17,13.53,18.76,9.91,53.52,0.0
2016-03-20,jelly,8782.92,13.52,17.67,9.01,57.37,0.66
2016-03-21,jelly,9825.97,14.37,18.78,12.26,68.81,5.85
2016-03-22,jelly,9933.7,13.96,18.7,9.38,58.06,0.0
2016-03-23,jelly,10754.72,16.28,22.37,12.86,55.32,0.0
2016-03-24,jelly,10257.64,14.25,18.72,9.7,61.95,0.0
2016-03-25,jelly,8980.34,10.92,14.38,8.09,64.79,0.0
2016-03-26,jelly,8617.81,11.09,17.5,7.76,64.97,0.0
2016-03-27,jelly,9462.44,11.4,16.24,7.36,75.45,0.0
2016-03-28,jelly,10389.85,13.53,17.8,10.27,66.64,0.0
2016-03-29,jelly,10730.78,10.65,17.0,6.16,81.24,0.0
2016-03-30,jelly,10712.15,12.23,16.57,8.61,72.26,0.0
2016-03-31,jelly,9371.51,12.66,17.38,9.43,71.79,29.4
2016-04-01,jelly,9961.04,11.69,17.43,6.44,71.7,0.0
2016-04-02,jelly,9239.4,12.58,18.26,8.93,77.06,0.92
2016-04-03,jelly,6888.66,13.4,16.65,8.74,86.16,0.0
2016-04-04,jelly,9850.99,13.59,19.79,9.72,80.62,9.96
2016-04-05,jelly,11016.0,11.32,17.45,7.58,83.64,6.06
2016-04-06,jelly,10164.86,13.55,19.33,8.77,82.91,0.0
2016-04-07,jelly,9925.68,12.32,17.28,8.43,82.97,6.27
2016-04-08,jelly,8788.6,13.75,18.05,9.32,81.61,0.0
2016-04-09,jelly,8559.41,15.33,21.27,10.4,79.85,12.66
2016-04-10,jelly,10184.49,14.72,19.38,9.8,62.47,0.0
2016-04-11,jelly,9333.01,14.67,20.65,11.52,72.05,0.0
2016-04-12,jelly,10466.13,15.68,21.31,11.04,63.81,0.0
2016-04-13,jelly,11122.27,18.16,21.61,14.46,63.8,0.0
2016-04-14,jelly,11513.39,20.64,25.53,15.95,63.17,0.0
2016-04-15,jelly,10853.08,19.03,23.86,14.21,57.44,0.0
2016-04-16,jelly,9132.12,19.81,24.18,15.29,57.09,0.0
2016-04-17,jelly,10445.87,20.44,24.69,16.25,57.17,0.0
2016-04-18,jelly,11483.59,20.94,26.1,16.14,60.25,0.0
2016-04-19,jelly,10676.73,23.7,28.53,19.98,56.15,0.0
2016-04-20,jelly,13662.59,23.92,28.69,19.13,58.9,0.0
2016-04-21,jelly,12469.85,23.42,28.21,19.71,49.28,0.0
2016-04-22,jelly,10862.77,23.43,29.08,19.16,56.5,0.0
2016-04-23,jelly,10092.28,20.61,26.19,16.79,60.28,0.0
2016-04-24,jelly,10140.92,26.1,29.63,21.54,63.87,0.0
2016-04-25,jelly,11590.99,25.11,29.96,20.28,60.92,0.0
2016-04-26,jelly,12475.08,23.96,27.8,21.51,65.7,15.35
2016-04-27,jelly,14012.52,24.72,30.43,19.73,65.83,0.0
2016-04-28,jelly,12197.43,23.67,28.8,20.19,63.51,0.0
2016-04-29,jelly,12472.16,24.81,30.2,22.03,72.65,0.0
2016-04-30,jelly,8980.52,24.16,28.71,19.7,70.42,18.28
2016-05-01,jelly,11341.18,26.47,31.06,22.2,75.06,0.0
2016-05-02,jelly,11652.16,23.5,28.62,20.24,81.52,10.74
2016-05-03,jelly,10873.73,24.89,29.26,20.56,84.79,0.0
2016-05-04,jelly,12718.78,21.97,26.84,17.96,73.01,0.0
2016-05-05,jelly,14024.17,23.56,29.23,20.23,78.87,0.0
2016-05-06,jelly,10715.44,20.2,25.25,15.48,85.39,10.27
2016-05-07,jelly,8900.37,25.07,28.74,20.31,80.19,0.0
2016-05-08,jelly,11179.56,20.28,25.57,16.16,78.53,1.76
2016-05-09,jelly,10999.11,18.78,24.12,14.91,70.36,0.0
2016-05-10,jelly,11256.46,21.13,25.69,16.05,74.12,0.0
2016-05-11,jelly,11968.48,22.68,28.09,18.4,74.71,0.0
2016-05-12,jelly,10291.26,19.49,23.89,14.23,80.22,0.0
2016-05-13,jelly,9654.84,22.59,28.05,18.26,72.03,0.0
2016-05-14,jelly,10050.15,22.1,26.78,18.45,62.28,0.0
2017-03-01,jelly,11148.73,9.63,14.06,5.27,71.09,12.15
2017-03-02,jelly,12371.55,9.76,14.57,5.5,80.41,0.0
2017-03-03,jelly,10860.9,9.74,14.88,5.69,79.58,0.0
2017-03-04,jelly,10387.47,14.11,18.85,10.68,79.7,16.35
2017-03-05,jelly,10024.24,13.86,18.2,10.15,72.98,0.0
2017-03-06,jelly,9394.11,13.59,17.69,9.6,80.96,0.0
2017-03-07,jelly,9592.31,14.04,18.31,11.18,75.51,0.0
2017-03-08,jelly,12826.36,16.5,20.71,12.4,81.73,0.0
2017-03-09,jelly,11946.21,13.31,19.76,8.42,73.9,0.0
2017-03-10,jelly,11530.58,15.67,21.41,11.64,71.64,4.87
2017-03-11,jelly,10188.49,13.89,18.94,10.07,78.33,9.3
2017-03-12,jelly,9650.97,16.01,19.84,12.53,65.24,21.52
2017-03-13,jelly,11066.9,16.89,22.46,12.34,61.96,0.0
2017-03-14,jelly,10376.32,15.96,21.1,11.92,63.08,0.0
2017-03-15,jelly,13100.3,19.67,24.72,15.45,65.53,0.0
2017-03-16,jelly,11956.87,17.24,22.19,11.91,56.44,0.0
2017-03-17,jelly,10690.71,15.46,20.28,12.35,62.48,0.0
2017-03-18,jelly,12230.76,14.71,21.29,9.65,58.89,9.02
2017-03-19,jelly,9845.53,14.77,19.29,11.77,59.86,0.0
2017-03-20,jelly,9000.98,11.67,16.14,7.66,60.53,0.0
2017-03-21,jelly,9679.79,14.47,19.9,10.98,56.73,0.0
2017-03-22,jelly,13161.25,14.81,20.6,11.03,52.06,12.64
2017-03-23,jelly,12235.02,13.98,19.72,9.86,62.18,0.0
2017-03-24,jelly,11077.45,14.82,19.79,11.55,52.94,0.0
2017-03-25,jelly,9716.66,12.9,18.36,8.02,62.24,0.0
2017-03-26,jelly,8902.28,11.78,16.7,8.45,64.38,0.0
2017-03-27,jelly,9919.04,12.09,16.21,8.26,61.58,0.0
2017-03-28,jelly,11636.51,11.08,15.87,7.35,71.26,10.09
2017-03-29,jelly,11928.46,11.01,16.64,7.0,67.18,0.0
2017-03-30,jelly,11445.56,12.11,17.68,9.5,75.03,0.0
2017-03-31,jelly,12489.86,12.86,17.54,8.39,74.3,0.0
2017-04-01,jelly,9753.33,12.84,18.19,8.73,81.36,0.0
2017-04-02,jelly,10159.47,13.12,18.04,8.28,84.25,0.0
2017-04-03,jelly,10728.83,13.03,18.59,8.21,83.74,0.0
2017-04-04,jelly,10876.86,12.1,15.9,7.41,73.94,0.0
2017-04-05,jelly,12876.11,11.74,17.51,8.5,76.7,0.0
2017-04-06,jelly,11819.76,14.45,20.66,11.3,76.24,0.0
2017-04-07,jelly,11552.66,12.92,18.06,9.54,86.91,10.9
2017-04-08,jelly,10143.18,14.64,20.35,9.75,71.7,0.0
2017-04-09,jelly,8974.39,14.92,19.22,10.83,77.23,0.0
2017-04-10,jelly,10338.82,16.64,21.54,11.8,63.9,0.0
2017-04-11,jelly,11777.1,15.44,18.92,12.0,74.52,9.99
2017-04-12,jelly,13340.73,15.62,19.99,11.34,68.46,4.23
2017-04-13,jelly,12688.33,17.37,22.69,14.25,67.69,12.4
2017-04-14,jelly,13070.17,18.61,23.58,13.31,69.99,0.0
2017-04-15,jelly,10932.23,19.12,24.99,15.53,54.44,0.0
2017-04-16,jelly,9372.71,17.4,22.06,13.19,59.2,0.0
2017-04-17,jelly,11111.59,21.61,26.82,17.11,58.2,0.0
2017-04-18,jelly,10830.42,19.78,25.52,17.08,45.63,0.0
2017-04-19,jelly,12333.98,21.14,25.82,17.42,55.85,0.0
2017-04-20,jelly,11401.1,21.79,27.81,18.12,51.12,0.0
2017-04-21,jelly,11504.0,23.31,27.29,17.38,63.92,0.0
2017-04-22,jelly,11139.26,22.59,27.48,18.81,61.79,0.0
2017-04-23,jelly,10836.33,23.47,29.67,19.04,59.6,3.94
2017-04-24,jelly,11451.95,23.39,28.33,18.74,54.06,0.0
2017-04-25,jelly,11997.05,23.52,28.37,19.04,59.39,0.0
2017-04-26,jelly,13027.09,25.57,29.3,21.13,65.32,0.0
2017-04-27,jelly,13565.83,24.74,30.59,22.06,70.6,0.0
2017-04-28,jelly,11948.63,21.8,25.93,18.01,68.55,0.0
2017-04-29,jelly,13004.11,23.16,27.51,20.84,68.62,7.73
2017-04-30,jelly,11323.51,23.35,29.03,19.17,70.51,0.27
2017-05-01,jelly,10594.49,26.51,29.83,24.52,75.62,0.0
2017-05-02,jelly,11049.92,22.91,28.58,18.73,66.48,0.0
2017-05-03,jelly,12938.18,22.61,27.86,17.19,77.49,0.0
2017-05-04,jelly,12632.64,22.53,28.44,18.71,81.42,3.61
2017-05-05,jelly,13390.34,21.86,26.37,17.25,88.61,0.0
2017-05-06,jelly,11335.02,20.59,26.05,14.78,73.12,0.0
2017-05-07,jelly,10344.23,21.11,25.49,17.22,80.5,0.0
2017-05-08,jelly,10447.65,20.43,25.12,16.84,79.51,13.29
2017-05-09,jelly,12188.95,19.78,23.62,15.81,75.03,1.11
2017-05-10,jelly,11866.52,21.02,26.96,16.69,84.85,0.0
2017-05-11,jelly,14113.78,21.93,28.67,18.45,71.83,0.0
2017-05-12,jelly,14768.81,21.22,27.11,18.67,68.35,0.0
2017-05-13,jelly,11050.53,19.62,24.89,16.66,64.2,0.0
2017-05-14,jelly,10343.38,20.47,25.34,16.84,71.03,0.0
2016-03-01,plant protein,25020.58,11.56,16.04,7.37,80.69,0.0
2016-03-02,plant protein,24666.54,13.03,17.73,10.41,81.86,0.0
2016-03-03,plant protein,19719.07,11.4,16.08,6.76,82.67,0.0
2016-03-04,plant protein,18609.19,12.5,18.07,9.53,74.22,8.5
2016-03-05,plant protein,24727.31,15.06,19.51,10.74,74.16,0.0
2016-03-06,plant protein,21252.88,13.9,20.88,11.15,72.5,21.9
2016-03-07,plant protein,24403.15,15.87,19.83,11.18,75.11,1.1
2016-03-08,plant protein,27017.72,13.22,17.22,9.42,75.29,0.0
2016-03-09,plant protein,24261.42,14.41,19.28,10.18,68.75,0.0
2016-03-10,plant protein,23010.6,13.52,17.72,8.22,77.94,0.0
2016-03-11,plant protein,23425.55,17.69,22.17,13.41,68.46,0.0
2016-03-12,plant protein,22364.75,15.1,20.68,10.44,65.59,0.0
2016-03-13,plant protein,26742.84,15.41,21.85,10.44,58.02,0.0
2016-03-14,plant protein,26941.25,17.06,22.04,12.79,58.38,3.82
2016-03-15,plant protein,23424.9,16.93,20.94,13.06,62.8,0.0
2016-03-16,plant protein,23514.76,13.76,18.36,9.26,61.11,0.0
2016-03-17,plant protein,22814.41,16.63,21.99,13.28,54.15,0.0
2016-03-18,plant protein,17127.97,16.24,21.75,11.05,59.79,0.0
2016-03-19,plant protein,20067.12,13.53,18.76,9.91,53.52,0.0
2016-03-20,plant protein,20649.1,13.52,17.67,9.01,57.37,0.66
2016-03-21,plant protein,25795.45,14.37,18.78,12.26,68.81,5.85
2016-03-22,plant protein,25278.11,13.96,18.7,9.38,58.06,0.0
2016-03-23,plant protein,23444.94,16.28,22.37,12.86,55.32,0.0
2016-03-24,plant protein,24677.35,14.25,18.72,9.7,61.95,0.0
2016-03-25,plant protein,21957.2,10.92,14.38,8.09,64.79,0.0
2016-03-26,plant protein,22659.94,11.09,17.5,7.76,64.97,0.0
2016-03-27,plant protein,24323.1,11.4,16.24,7.36,75.45,0.0
2016-03-28,plant protein,27162.57,13.53,17.8,10.27,66.64,0.0
2016-03-29,plant protein,27663.76,10.65,17.0,6.16,81.24,0.0
2016-03-30,plant protein,24909.69,12.23,16.57,8.61,72.26,0.0
2016-03-31,plant protein,21362.08,12.66,17.38,9.43,71.79,29.4
2016-04-01,plant protein,21719.31,11.69,17.43,6.44,71.7,0.0
2016-04-02,plant protein,19831.79,12.58,18.26,8.93,77.06,0.92
2016-04-03,plant protein,21858.84,13.4,16.65,8.74,86.16,0.0
2016-04-04,plant protein,23430.85,13.59,19.79,9.72,80.62,9.96
2016-04-05,plant protein,25878.21,11.32,17.45,7.58,83.64,6.06
2016-04-06,plant protein,25470.65,13.55,19.33,8.77,82.91,0.0
2016-04-07,plant protein,20797.08,12.32,17.28,8.43,82.97,6.27
2016-04-08,plant protein,18898.55,13.75,18.05,9.32,81.61,0.0
2016-04-09,plant protein,19983.3,15.33,21.27,10.4,79.85,12.66
2016-04-10,plant protein,25800.22,14.72,19.38,9.8,62.47,0.0
2016-04-11,plant protein,30377.34,14.67,20.65,11.52,72.05,0.0
2016-04-12,plant protein,23048.12,15.68,21.31,11.04,63.81,0.0
2016-04-13,plant protein,26000.39,18.16,21.61,14.46,63.8,0.0
2016-04-14,plant protein,22864.39,20.64,25.53,15.95,63.17,0.0
2016-04-15,plant protein,20284.54,19.03,23.86,14.21,57.44,0.0
2016-04-16,plant protein,22666.34,19.81,24.18,15.29,57.09,0.0
2016-04-17,plant protein,23251.86,20.44,24.69,16.25,57.17,0.0
2016-04-18,plant protein,25562.82,20.94,26.1,16.14,60.25,0.0
2016-04-19,plant protein,27379.25,23.7,28.53,19.98,56.15,0.0
2016-04-20,plant protein,30734.12,23.92,28.69,19.13,58.9,0.0
2016-04-21,plant protein,21994.41,23.42,28.21,19.71,49.28,0.0
2016-04-22,plant protein,20067.89,23.43,29.08,19.16,56.5,0.0
2016-04-23,plant protein,23049.21,20.61,26.19,16.79,60.28,0.0
2016-04-24,plant protein,25369.02,26.1,29.63,21.54,63.87,0.0
2016-04-25,plant protein,26380.83,25.11,29.96,20.28,60.92,0.0
2016-04-26,plant protein,29495.07,23.96,27.8,21.51,65.7,15.35
2016-04-27,plant protein,27094.03,24.72,30.43,19.73,65.83,0.0
2016-04-28,plant protein,22696.05,23.67,28.8,20.19,63.51,0.0
2016-04-29,plant protein,24054.66,24.81,30.2,22.03,72.65,0.0
2016-04-30,plant protein,23769.02,24.16,28.71,19.7,70.42,18.28
2016-05-01,plant protein,25436.75,26.47,31.06,22.2,75.06,0.0
2016-05-02,plant protein,26093.7,23.5,28.62,20.24,81.52,10.74
2016-05-03,plant protein,27719.31,24.89,29.26,20.56,84.79,0.0
2016-05-04,plant protein,26982.66,21.97,26.84,17.96,73.01,0.0
2016-05-05,plant protein,19127.46,23.56,29.23,20.23,78.87,0.0
2016-05-06,plant protein,25382.24,20.2,25.25,15.48,85.39,10.27
2016-05-07,plant protein,24440.35,25.07,28.74,20.31,80.19,0.0
2016-05-08,plant protein,23081.68,20.28,25.57,16.16,78.53,1.76
2016-05-09,plant protein,25361.61,18.78,24.12,14.91,70.36,0.0
2016-05-10,plant protein,25263.8,21.13,25.69,16.05,74.12,0.0
2016-05-11,plant protein,26147.38,22.68,28.09,18.4,74.71,0.0
2016-05-12,plant protein,22346.52,19.49,23.89,14.23,80.22,0.0
2016-05-13,plant protein,23325.52,22.59,28.05,18.26,72.03,0.0
2016-05-14,plant protein,20087.49,22.1,26.78,18.45,62.28,0.0
2017-03-01,plant protein,28706.13,9.63,14.06,5.27,71.09,12.15
2017-03-02,plant protein,26175.42,9.76,14.57,5.5,80.41,0.0
2017-03-03,plant protein,27915.45,9.74,14.88,5.69,79.58,0.0
2017-03-04,plant protein,21342.53,14.11,18.85,10.68,79.7,16.35
2017-03-05,plant protein,23984.75,13.86,18.2,10.15,72.98,0.0
2017-03-06,plant protein,26106.99,13.59,17.69,9.6,80.96,0.0
2017-03-07,plant protein,27196.37,14.04,18.31,11.18,75.51,0.0
2017-03-08,plant protein,27567.1,16.5,20.71,12.4,81.73,0.0
2017-03-09,plant protein,29692.21,13.31,19.76,8.42,73.9,0.0
2017-03-10,plant protein,27011.86,15.67,21.41,11.64,71.64,4.87
2017-03-11,plant protein,21786.57,13.89,18.94,10.07,78.33,9.3
2017-03-12,plant protein,25998.64,16.01,19.84,12.53,65.24,21.52
2017-03-13,plant protein,23262.34,16.89,22.46,12.34,61.96,0.0
2017-03-14,plant protein,30144.03,15.96,21.1,11.92,63.08,0.0
2017-03-15,plant protein,27654.84,19.67,24.72,15.45,65.53,0.0
2017-03-16,plant protein,26053.98,17.24,22.19,11.91,56.44,0.0
2017-03-17,plant protein,27369.66,15.46,20.28,12.35,62.48,0.0
2017-03-18,plant protein,24080.49,14.71,21.29,9.65,58.89,9.02
2017-03-19,plant protein,25789.65,14.77,19.29,11.77,59.86,0.0
2017-03-20,plant protein,26415.63,11.67,16.14,7.66,60.53,0.0
2017-03-21,plant protein,32203.72,14.47,19.9,10.98,56.73,0.0
2017-03-22,plant protein,28648.52,14.81,20.6,11.03,52.06,12.64
2017-03-23,plant protein,24909.69,13.98,19.72,9.86,62.18,0.0
2017-03-24,plant protein,24628.05,14.82,19.79,11.55,52.94,0.0
2017-03-25,plant protein,19229.19,12.9,18.36,8.02,62.24,0.0
2017-03-26,plant protein,24424.11,11.78,16.7,8.45,64.38,0.0
2017-03-27,plant protein,25663.08,12.09,16.21,8.26,61.58,0.0
2017-03-28,plant protein,28921.81,11.08,15.87,7.35,71.26,10.09
2017-03-29,plant protein,26800.95,11.01,16.64,7.0,67.18,0.0
2017-03-30,plant protein,25816.76,12.11,17.68,9.5,75.03,0.0
2017-03-31,plant protein,20784.28,12.86,17.54,8.39,74.3,0.0
2017-04-01,plant protein,18878.9,12.84,18.19,8.73,81.36,0.0
2017-04-02,plant protein,22143.71,13.12,18.04,8.28,84.25,0.0
2017-04-03,plant protein,27410.83,13.03,18.59,8.21,83.74,0.0
2017-04-04,plant protein,24482.55,12.1,15.9,7.41,73.94,0.0
2017-04-05,plant protein,28381.57,11.74,17.51,8.5,76.7,0.0
2017-04-06,plant protein,27018.99,14.45,20.66,11.3,76.24,0.0
2017-04-07,plant protein,23231.72,12.92,18.06,9.54,86.91,10.9
2017-04-08,plant protein,20488.75,14.64,20.35,9.75,71.7,0.0
2017-04-09,plant protein,23501.07,14.92,19.22,10.83,77.23,0.0
2017-04-10,plant protein,25487.29,16.64,21.54,11.8,63.9,0.0
2017-04-11,plant protein,27902.95,15.44,18.92,12.0,74.52,9.99
2017-04-12,plant protein,30765.09,15.62,19.99,11.34,68.46,4.23
2017-04-13,plant protein,26954.27,17.37,22.69,14.25,67.69,12.4
2017-04-14,plant protein,24662.31,18.61,23.58,13.31,69.99,0.0
2017-04-15,plant protein,23346.47,19.12,24.99,15.53,54.44,0.0
2017-04-16,plant protein,23308.78,17.4,22.06,13.19,59.2,0.0
2017-04-17,plant protein,25792.3,21.61,26.82,17.11,58.2,0.0
2017-04-18,plant protein,29375.34,19.78,25.52,17.08,45.63,0.0
2017-04-19,plant protein,27689.91,21.14,25.82,17.42,55.85,0.0
2017-04-20,plant protein,27596.43,21.79,27.81,18.12,51.12,0.0
2017-04-21,plant protein,28199.53,23.31,27.29,17.38,63.92,0.0
2017-04-22,plant protein,22230.46,22.59,27.48,18.81,61.79,0.0
2017-04-23,plant protein,26107.25,23.47,29.67,19.04,59.6,3.94
2017-04-24,plant protein,27218.0,23.39,28.33,18.74,54.06,0.0
2017-04-25,plant protein,25187.29,23.52,28.37,19.04,59.39,0.0
2017-04-26,plant protein,28575.35,25.57,29.3,21.13,65.32,0.0
2017-04-27,plant protein,27297.26,24.74,30.59,22.06,70.6,0.0
2017-04-28,plant protein,24645.26,21.8,25.93,18.01,68.55,0.0
2017-04-29,plant protein,24220.61,23.16,27.51,20.84,68.62,7.73
2017-04-30,plant protein,25182.89,23.35,29.03,19.17,70.51,0.27
2017-05-01,plant protein,30386.74,26.51,29.83,24.52,75.62,0.0
2017-05-02,plant protein,27942.16,22.91,28.58,18.73,66.48,0.0
2017-05-03,plant protein,27557.2,22.61,27.86,17.19,77.49,0.0
2017-05-04,plant protein,28714.13,22.53,28.44,18.71,81.42,3.61
2017-05-05,plant protein,26034.29,21.86,26.37,17.25,88.61,0.0
2017-05-06,plant protein,24040.22,20.59,26.05,14.78,73.12,0.0
2017-05-07,plant protein,21016.85,21.11,25.49,17.22,80.5,0.0
2017-05-08,plant protein,27580.9,20.43,25.12,16.84,79.51,13.29
2017-05-09,plant protein,28847.96,19.78,23.62,15.81,75.03,1.11
2017-05-10,plant protein,25841.47,21.02,26.96,16.69,84.85,0.0
2017-05-11,plant protein,30472.76,21.93,28.67,18.45,71.83,0.0
2017-05-12,plant protein,23025.92,21.22,27.11,18.67,68.35,0.0
2017-05-13,plant protein,22755.86,19.62,24.89,16.66,64.2,0.0
2017-05-14,plant protein,24061.38,20.47,25.34,16.84,71.03,0.0
2016-03-01,water,75694.15,11.56,16.04,7.37,80.69,0.0
2016-03-02,water,63540.74,13.03,17.73,10.41,81.86,0.0
2016-03-03,water,76229.83,11.4,16.08,6.76,82.67,0.0
2016-03-04,water,66084.59,12.5,18.07,9.53,74.22,8.5
2016-03-05,water,53906.3,15.06,19.51,10.74,74.16,0.0
2016-03-06,water,66478.69,13.9,20.88,11.15,72.5,21.9
2016-03-07,water,68717.7,15.87,19.83,11.18,75.11,1.1
2016-03-08,water,74595.15,13.22,17.22,9.42,75.29,0.0
2016-03-09,water,69653.28,14.41,19.28,10.18,68.75,0.0
2016-03-10,water,79715.95,13.52,17.72,8.22,77.94,0.0
2016-03-11,water,79800.73,17.69,22.17,13.41,68.46,0.0
2016-03-12,water,58800.29,15.1,20.68,10.44,65.59,0.0
2016-03-13,water,42902.4,15.41,21.85,10.44,58.02,0.0
2016-03-14,water,79332.92,17.06,22.04,12.79,58.38,3.82
2016-03-15,water,76449.64,16.93,20.94,13.06,62.8,0.0
2016-03-16,water,71807.04,13.76,18.36,9.26,61.11,0.0
2016-03-17,water,76393.02,16.63,21.99,13.28,54.15,0.0
2016-03-18,water,73956.41,16.24,21.75,11.05,59.79,0.0
2016-03-19,water,57670.77,13.53,18.76,9.91,53.52,0.0
2016-03-20,water,59407.1,13.52,17.67,9.01,57.37,0.66
2016-03-21,water,57331.06,14.37,18.78,12.26,68.81,5.85
2016-03-22,water,67785.25,13.96,18.7,9.38,58.06,0.0
2016-03-23,water,78701.83,16.28,22.37,12.86,55.32,0.0
2016-03-24,water,78910.22,14.25,18.72,9.7,61.95,0.0
2016-03-25,water,66421.05,10.92,14.38,8.09,64.79,0.0
2016-03-26,water,45211.66,11.09,17.5,7.76,64.97,0.0
2016-03-27,water,62908.67,11.4,16.24,7.36,75.45,0.0
2016-03-28,water,61543.2,13.53,17.8,10.27,66.64,0.0
2016-03-29,water,65323.98,10.65,17.0,6.16,81.24,0.0
2016-03-30,water,71897.45,12.23,16.57,8.61,72.26,0.0
2016-03-31,water,76131.08,12.66,17.38,9.43,71.79,29.4
2016-04-01,water,53727.94,11.69,17.43,6.44,71.7,0.0
2016-04-02,water,63776.53,12.58,18.26,8.93,77.06,0.92
2016-04-03,water,51856.91,13.4,16.65,8.74,86.16,0.0
2016-04-04,water,57946.49,13.59,19.79,9.72,80.62,9.96
2016-04-05,water,65864.44,11.32,17.45,7.58,83.64,6.06
2016-04-06,water,69858.29,13.55,19.33,8.77,82.91,0.0
2016-04-07,water,72019.84,12.32,17.28,8.43,82.97,6.27
2016-04-08,water,72775.32,13.75,18.05,9.32,81.61,0.0
2016-04-09,water,61479.99,15.33,21.27,10.4,79.85,12.66
2016-04-10,water,71471.85,14.72,19.38,9.8,62.47,0.0
2016-04-11,water,67072.5,14.67,20.65,11.52,72.05,0.0
2016-04-12,water,71208.1,15.68,21.31,11.04,63.81,0.0
2016-04-13,water,83863.78,18.16,21.61,14.46,63.8,0.0
2016-04-14,water,80778.22,20.64,25.53,15.95,63.17,0.0
2016-04-15,water,79902.55,19.03,23.86,14.21,57.44,0.0
2016-04-16,water,76676.12,19.81,24.18,15.29,57.09,0.0
2016-04-17,water,55837.73,20.44,24.69,16.25,57.17,0.0
2016-04-18,water,74528.93,20.94,26.1,16.14,60.25,0.0
2016-04-19,water,73472.23,23.7,28.53,19.98,56.15,0.0
2016-04-20,water,86483.42,23.92,28.69,19.13,58.9,0.0
2016-04-21,water,85621.07,23.42,28.21,19.71,49.28,0.0
2016-04-22,water,75219.06,23.43,29.08,19.16,56.5,0.0
2016-04-23,water,67178.98,20.61,26.19,16.79,60.28,0.0
2016-04-24,water,84005.29,26.1,29.63,21.54,63.87,0.0
2016-04-25,water,72388.95,25.11,29.96,20.28,60.92,0.0
2016-04-26,water,74364.45,23.96,27.8,21.51,65.7,15.35
2016-04-27,water,85155.31,24.72,30.43,19.73,65.83,0.0
2016-04-28,water,77852.39,23.67,28.8,20.19,63.51,0.0
2016-04-29,water,73251.66,24.81,30.2,22.03,72.65,0.0
2016-04-30,water,78048.19,24.16,28.71,19.7,70.42,18.28
2016-05-01,water,80765.14,26.47,31.06,22.2,75.06,0.0
2016-05-02,water,75311.72,23.5,28.62,20.24,81.52,10.74
2016-05-03,water,69400.68,24.89,29.26,20.56,84.79,0.0
2016-05-04,water,80477.33,21.97,26.84,17.96,73.01,0.0
2016-05-05,water,75014.64,23.56,29.23,20.23,78.87,0.0
2016-05-06,water,79886.84,20.2,25.25,15.48,85.39,10.27
2016-05-07,water,70071.02,25.07,28.74,20.31,80.19,0.0
2016-05-08,water,64445.95,20.28,25.57,16.16,78.53,1.76
2016-05-09,water,75075.48,18.78,24.12,14.91,70.36,0.0
2016-05-10,water,83345.78,21.13,25.69,16.05,74.12,0.0
2016-05-11,water,85948.38,22.68,28.09,18.4,74.71,0.0
2016-05-12,water,75222.39,19.49,23.89,14.23,80.22,0.0
2016-05-13,water,79832.63,22.59,28.05,18.26,72.03,0.0
2016-05-14,water,75867.59,22.1,26.78,18.45,62.28,0.0
2017-03-01,water,78664.06,9.63,14.06,5.27,71.09,12.15
2017-03-02,water,71983.89,9.76,14.57,5.5,80.41,0.0
2017-03-03,water,67339.62,9.74,14.88,5.69,79.58,0.0
2017-03-04,water,71864.99,14.11,18.85,10.68,79.7,16.35
2017-03-05,water,66050.11,13.86,18.2,10.15,72.98,0.0
2017-03-06,water,69201.82,13.59,17.69,9.6,80.96,0.0
2017-03-07,water,69553.12,14.04,18.31,11.18,75.51,0.0
2017-03-08,water,68196.77,16.5,20.71,12.4,81.73,0.0
2017-03-09,water,79862.54,13.31,19.76,8.42,73.9,0.0
2017-03-10,water,78779.93,15.67,21.41,11.64,71.64,4.87
2017-03-11,water,81407.07,13.89,18.94,10.07,78.33,9.3
2017-03-12,water,78056.97,16.01,19.84,12.53,65.24,21.52
2017-03-13,water,64087.47,16.89,22.46,12.34,61.96,0.0
2017-03-14,water,69556.94,15.96,21.1,11.92,63.08,0.0
2017-03-15,water,95705.8,19.67,24.72,15.45,65.53,0.0
2017-03-16,water,92634.08,17.24,22.19,11.91,56.44,0.0
2017-03-17,water,95205.28,15.46,20.28,12.35,62.48,0.0
2017-03-18,water,76420.06,14.71,21.29,9.65,58.89,9.02
2017-03-19,water,70513.8,14.77,19.29,11.77,59.86,0.0
2017-03-20,water,63669.95,11.67,16.14,7.66,60.53,0.0
2017-03-21,water,78613.2,14.47,19.9,10.98,56.73,0.0
2017-03-22,water,87910.81,14.81,20.6,11.03,52.06,12.64
2017-03-23,water,72259.42,13.98,19.72,9.86,62.18,0.0
2017-03-24,water,85732.81,14.82,19.79,11.55,52.94,0.0
2017-03-25,water,80534.32,12.9,18.36,8.02,62.24,0.0
2017-03-26,water,73195.45,11.78,16.7,8.45,64.38,0.0
2017-03-27,water,66880.56,12.09,16.21,8.26,61.58,0.0
2017-03-28,water,68154.84,11.08,15.87,7.35,71.26,10.09
2017-03-29,water,77161.4,11.01,16.64,7.0,67.18,0.0
2017-03-30,water,74369.4,12.11,17.68,9.5,75.03,0.0
2017-03-31,water,81829.14,12.86,17.54,8.39,74.3,0.0
2017-04-01,water,71102.95,12.84,18.19,8.73,81.36,0.0
2017-04-02,water,65488.49,13.12,18.04,8.28,84.25,0.0
2017-04-03,water,62261.32,13.03,18.59,8.21,83.74,0.0
2017-04-04,water,74482.05,12.1,15.9,7.41,73.94,0.0
2017-04-05,water,80693.39,11.74,17.51,8.5,76.7,0.0
2017-04-06,water,91598.09,14.45,20.66,11.3,76.24,0.0
2017-04-07,water,77921.24,12.92,18.06,9.54,86.91,10.9
2017-04-08,water,71840.08,14.64,20.35,9.75,71.7,0.0
2017-04-09,water,75743.94,14.92,19.22,10.83,77.23,0.0
2017-04-10,water,68932.91,16.64,21.54,11.8,63.9,0.0
2017-04-11,water,65426.03,15.44,18.92,12.0,74.52,9.99
2017-04-12,water,80022.17,15.62,19.99,11.34,68.46,4.23
2017-04-13,water,84077.25,17.37,22.69,14.25,67.69,12.4
2017-04-14,water,85100.11,18.61,23.58,13.31,69.99,0.0
2017-04-15,water,78197.58,19.12,24.99,15.53,54.44,0.0
2017-04-16,water,76870.08,17.4,22.06,13.19,59.2,0.0
2017-04-17,water,82219.78,21.61,26.82,17.11,58.2,0.0
2017-04-18,water,79978.98,19.78,25.52,17.08,45.63,0.0
2017-04-19,water,97422.07,21.14,25.82,17.42,55.85,0.0
2017-04-20,water,102193.57,21.79,27.81,18.12,51.12,0.0
2017-04-21,water,91865.26,23.31,27.29,17.38,63.92,0.0
2017-04-22,water,92150.12,22.59,27.48,18.81,61.79,0.0
2017-04-23,water,83372.74,23.47,29.67,19.04,59.6,3.94
2017-04-24,water,66900.76,23.39,28.33,18.74,54.06,0.0
2017-04-25,water,72358.95,23.52,28.37,19.04,59.39,0.0
2017-04-26,water,96876.67,25.57,29.3,21.13,65.32,0.0
2017-04-27,water,92947.82,24.74,30.59,22.06,70.6,0.0
2017-04-28,water,92563.81,21.8,25.93,18.01,68.55,0.0
2017-04-29,water,83073.88,23.16,27.51,20.84,68.62,7.73
2017-04-30,water,72402.75,23.35,29.03,19.17,70.51,0.27
2017-05-01,water,71921.55,26.51,29.83,24.52,75.62,0.0
2017-05-02,water,78326.67,22.91,28.58,18.73,66.48,0.0
2017-05-03,water,85546.68,22.61,27.86,17.19,77.49,0.0
2017-05-04,water,82835.31,22.53,28.44,18.71,81.42,3.61
2017-05-05,water,82893.7,21.86,26.37,17.25,88.61,0.0
2017-05-06,water,79794.16,20.59,26.05,14.78,73.12,0.0
2017-05-07,water,71777.2,21.11,25.49,17.22,80.5,0.0
2017-05-08,water,70002.2,20.43,25.12,16.84,79.51,13.29
2017-05-09,water,75867.45,19.78,23.62,15.81,75.03,1.11
2017-05-10,water,80316.14,21.02,26.96,16.69,84.85,0.0
2017-05-11,water,89579.64,21.93,28.67,18.45,71.83,0.0
2017-05-12,water,91033.29,21.22,27.11,18.67,68.35,0.0
2017-05-13,water,79209.53,19.62,24.89,16.66,64.2,0.0
2017-05-14,water,72217.13,20.47,25.34,16.84,71.03,0.0
2016-03-01,yogurt,376167.18,11.56,16.04,7.37,80.69,0.0
2016-03-02,yogurt,366208.56,13.03,17.73,10.41,81.86,0.0
2016-03-03,yogurt,358313.87,11.4,16.08,6.76,82.67,0.0
2016-03-04,yogurt,315711.87,12.5,18.07,9.53,74.22,8.5
2016-03-05,yogurt,309435.37,15.06,19.51,10.74,74.16,0.0
2016-03-06,yogurt,310843.58,13.9,20.88,11.15,72.5,21.9
2016-03-07,yogurt,363538.23,15.87,19.83,11.18,75.11,1.1
2016-03-08,yogurt,423473.38,13.22,17.22,9.42,75.29,0.0
2016-03-09,yogurt,435500.24,14.41,19.28,10.18,68.75,0.0
2016-03-10,yogurt,378742.44,13.52,17.72,8.22,77.94,0.0
2016-03-11,yogurt,352218.99,17.69,22.17,13.41,68.46,0.0
2016-03-12,yogurt,304765.23,15.1,20.68,10.44,65.59,0.0
2016-03-13,yogurt,373810.15,15.41,21.85,10.44,58.02,0.0
2016-03-14,yogurt,421549.16,17.06,22.04,12.79,58.38,3.82
2016-03-15,yogurt,393653.57,16.93,20.94,13.06,62.8,0.0
2016-03-16,yogurt,333013.45,13.76,18.36,9.26,61.11,0.0
2016-03-17,yogurt,374237.02,16.63,21.99,13.28,54.15,0.0
2016-03-18,yogurt,318746.27,16.24,21.75,11.05,59.79,0.0
2016-03-19,yogurt,287687.26,13.53,18.76,9.91,53.52,0.0
2016-03-20,yogurt,379168.82,13.52,17.67,9.01,57.37,0.66
2016-03-21,yogurt,330713.45,14.37,18.78,12.26,68.81,5.85
2016-03-22,yogurt,430799.78,13.96,18.7,9.38,58.06,0.0
2016-03-23,yogurt,347247.34,16.28,22.37,12.86,55.32,0.0
2016-03-24,yogurt,370037.19,14.25,18.72,9.7,61.95,0.0
2016-03-25,yogurt,363370.62,10.92,14.38,8.09,64.79,0.0
2016-03-26,yogurt,299241.65,11.09,17.5,7.76,64.97,0.0
2016-03-27,yogurt,299325.94,11.4,16.24,7.36,75.45,0.0
2016-03-28,yogurt,397071.87,13.53,17.8,10.27,66.64,0.0
2016-03-29,yogurt,363964.48,10.65,17.0,6.16,81.24,0.0
2016-03-30,yogurt,329891.09,12.23,16.57,8.61,72.26,0.0
2016-03-31,yogurt,410381.23,12.66,17.38,9.43,71.79,29.4
2016-04-01,yogurt,336008.47,11.69,17.43,6.44,71.7,0.0
2016-04-02,yogurt,335276.66,12.58,18.26,8.93,77.06,0.92
2016-04-03,yogurt,324118.29,13.4,16.65,8.74,86.16,0.0
2016-04-04,yogurt,333972.1,13.59,19.79,9.72,80.62,9.96
2016-04-05,yogurt,333733.9,11.32,17.45,7.58,83.64,6.06
2016-04-06,yogurt,423682.87,13.55,19.33,8.77,82.91,0.0
2016-04-07,yogurt,325099.76,12.32,17.28,8.43,82.97,6.27
2016-04-08,yogurt,320795.6,13.75,18.05,9.32,81.61,0.0
2016-04-09,yogurt,352251.9,15.33,21.27,10.4,79.85,12.66
2016-04-10,yogurt,371853.05,14.72,19.38,9.8,62.47,0.0
2016-04-11,yogurt,324792.01,14.67,20.65,11.52,72.05,0.0
2016-04-12,yogurt,387544.86,15.68,21.31,11.04,63.81,0.0
2016-04-13,yogurt,443609.93,18.16,21.61,14.46,63.8,0.0
2016-04-14,yogurt,313963.95,20.64,25.53,15.95,63.17,0.0
2016-04-15,yogurt,300530.67,19.03,23.86,14.21,57.44,0.0
2016-04-16,yogurt,324724.18,19.81,24.18,15.29,57.09,0.0
2016-04-17,yogurt,332165.14,20.44,24.69,16.25,57.17,0.0
2016-04-18,yogurt,334293.8,20.94,26.1,16.14,60.25,0.0
2016-04-19,yogurt,432769.37,23.7,28.53,19.98,56.15,0.0
2016-04-20,yogurt,447903.05,23.92,28.69,19.13,58.9,0.0
2016-04-21,yogurt,386691.74,23.42,28.21,19.71,49.28,0.0
2016-04-22,yogurt,359847.01,23.43,29.08,19.16,56.5,0.0
2016-04-23,yogurt,329414.2,20.61,26.19,16.79,60.28,0.0
2016-04-24,yogurt,372177.18,26.1,29.63,21.54,63.87,0.0
2016-04-25,yogurt,366031.49,25.11,29.96,20.28,60.92,0.0
2016-04-26,yogurt,418967.66,23.96,27.8,21.51,65.7,15.35
2016-04-27,yogurt,430698.57,24.72,30.43,19.73,65.83,0.0
2016-04-28,yogurt,407757.38,23.67,28.8,20.19,63.51,0.0
2016-04-29,yogurt,329926.82,24.81,30.2,22.03,72.65,0.0
2016-04-30,yogurt,338882.89,24.16,28.71,19.7,70.42,18.28
2016-05-01,yogurt,326516.92,26.47,31.06,22.2,75.06,0.0
2016-05-02,yogurt,360502.47,23.5,28.62,20.24,81.52,10.74
2016-05-03,yogurt,412820.79,24.89,29.26,20.56,84.79,0.0
2016-05-04,yogurt,377616.6,21.97,26.84,17.96,73.01,0.0
2016-05-05,yogurt,407428.73,23.56,29.23,20.23,78.87,0.0
2016-05-06,yogurt,350893.28,20.2,25.25,15.48,85.39,10.27
2016-05-07,yogurt,362171.37,25.07,28.74,20.31,80.19,0.0
2016-05-08,yogurt,322272.76,20.28,25.57,16.16,78.53,1.76
2016-05-09,yogurt,393332.56,18.78,24.12,14.91,70.36,0.0
2016-05-10,yogurt,418834.58,21.13,25.69,16.05,74.12,0.0
2016-05-11,yogurt,372538.76,22.68,28.09,18.4,74.71,0.0
2016-05-12,yogurt,305472.76,19.49,23.89,14.23,80.22,0.0
2016-05-13,yogurt,298844.56,22.59,28.05,18.26,72.03,0.0
2016-05-14,yogurt,299913.79,22.1,26.78,18.45,62.28,0.0
2017-03-01,yogurt,429808.05,9.63,14.06,5.27,71.09,12.15
2017-03-02,yogurt,445848.07,9.76,14.57,5.5,80.41,0.0
2017-03-03,yogurt,364784.25,9.74,14.88,5.69,79.58,0.0
2017-03-04,yogurt,370528.91,14.11,18.85,10.68,79.7,16.35
2017-03-05,yogurt,335368.31,13.86,18.2,10.15,72.98,0.0
2017-03-06,yogurt,322574.5,13.59,17.69,9.6,80.96,0.0
2017-03-07,yogurt,333933.1,14.04,18.31,11.18,75.51,0.0
2017-03-08,yogurt,440349.32,16.5,20.71,12.4,81.73,0.0
2017-03-09,yogurt,385364.05,13.31,19.76,8.42,73.9,0.0
2017-03-10,yogurt,380484.11,15.67,21.41,11.64,71.64,4.87
2017-03-11,yogurt,374628.11,13.89,18.94,10.07,78.33,9.3
2017-03-12,yogurt,325511.69,16.01,19.84,12.53,65.24,21.52
2017-03-13,yogurt,384325.67,16.89,22.46,12.34,61.96,0.0
2017-03-14,yogurt,374682.38,15.96,21.1,11.92,63.08,0.0
2017-03-15,yogurt,452574.22,19.67,24.72,15.45,65.53,0.0
2017-03-16,yogurt,436084.88,17.24,22.19,11.91,56.44,0.0
2017-03-17,yogurt,426879.56,15.46,20.28,12.35,62.48,0.0
2017-03-18,yogurt,363880.51,14.71,21.29,9.65,58.89,9.02
2017-03-19,yogurt,324349.86,14.77,19.29,11.77,59.86,0.0
2017-03-20,yogurt,336330.11,11.67,16.14,7.66,60.53,0.0
2017-03-21,yogurt,411863.03,14.47,19.9,10.98,56.73,0.0
2017-03-22,yogurt,402442.2,14.81,20.6,11.03,52.06,12.64
2017-03-23,yogurt,422042.95,13.98,19.72,9.86,62.18,0.0
2017-03-24,yogurt,402834.14,14.82,19.79,11.55,52.94,0.0
2017-03-25,yogurt,391674.65,12.9,18.36,8.02,62.24,0.0
2017-03-26,yogurt,385716.73,11.78,16.7,8.45,64.38,0.0
2017-03-27,yogurt,353231.52,12.09,16.21,8.26,61.58,0.0
2017-03-28,yogurt,340586.04,11.08,15.87,7.35,71.26,10.09
2017-03-29,yogurt,439071.07,11.01,16.64,7.0,67.18,0.0
2017-03-30,yogurt,412522.52,12.11,17.68,9.5,75.03,0.0
2017-03-31,yogurt,393503.31,12.86,17.54,8.39,74.3,0.0
2017-04-01,yogurt,349951.91,12.84,18.19,8.73,81.36,0.0
2017-04-02,yogurt,331526.42,13.12,18.04,8.28,84.25,0.0
2017-04-03,yogurt,361362.63,13.03,18.59,8.21,83.74,0.0
2017-04-04,yogurt,395169.3,12.1,15.9,7.41,73.94,0.0
2017-04-05,yogurt,412606.21,11.74,17.51,8.5,76.7,0.0
2017-04-06,yogurt,400945.4,14.45,20.66,11.3,76.24,0.0
2017-04-07,yogurt,378432.6,12.92,18.06,9.54,86.91,10.9
2017-04-08,yogurt,351184.67,14.64,20.35,9.75,71.7,0.0
2017-04-09,yogurt,362870.86,14.92,19.22,10.83,77.23,0.0
2017-04-10,yogurt,370862.86,16.64,21.54,11.8,63.9,0.0
2017-04-11,yogurt,437477.89,15.44,18.92,12.0,74.52,9.99
2017-04-12,yogurt,390677.44,15.62,19.99,11.34,68.46,4.23
2017-04-13,yogurt,378577.63,17.37,22.69,14.25,67.69,12.4
2017-04-14,yogurt,366547.54,18.61,23.58,13.31,69.99,0.0
2017-04-15,yogurt,402028.08,19.12,24.99,15.53,54.44,0.0
2017-04-16,yogurt,360337.5,17.4,22.06,13.19,59.2,0.0
2017-04-17,yogurt,402284.89,21.61,26.82,17.11,58.2,0.0
2017-04-18,yogurt,391717.92,19.78,25.52,17.08,45.63,0.0
2017-04-19,yogurt,420885.47,21.14,25.82,17.42,55.85,0.0
2017-04-20,yogurt,468751.6,21.79,27.81,18.12,51.12,0.0
2017-04-21,yogurt,403225.37,23.31,27.29,17.38,63.92,0.0
2017-04-22,yogurt,382366.33,22.59,27.48,18.81,61.79,0.0
2017-04-23,yogurt,370015.6,23.47,29.67,19.04,59.6,3.94
2017-04-24,yogurt,410980.41,23.39,28.33,18.74,54.06,0.0
2017-04-25,yogurt,415039.4,23.52,28.37,19.04,59.39,0.0
2017-04-26,yogurt,381948.68,25.57,29.3,21.13,65.32,0.0
2017-04-27,yogurt,427511.84,24.74,30.59,22.06,70.6,0.0
2017-04-28,yogurt,355612.21,21.8,25.93,18.01,68.55,0.0
2017-04-29,yogurt,397969.17,23.16,27.51,20.84,68.62,7.73
2017-04-30,yogurt,351033.75,23.35,29.03,19.17,70.51,0.27
2017-05-01,yogurt,421795.19,26.51,29.83,24.52,75.62,0.0
2017-05-02,yogurt,357479.42,22.91,28.58,18.73,66.48,0.0
2017-05-03,yogurt,427014.22,22.61,27.86,17.19,77.49,0.0
2017-05-04,yogurt,410137.51,22.53,28.44,18.71,81.42,3.61
2017-05-05,yogurt,370483.14,21.86,26.37,17.25,88.61,0.0
2017-05-06,yogurt,387317.33,20.59,26.05,14.78,73.12,0.0
2017-05-07,yogurt,349897.18,21.11,25.49,17.22,80.5,0.0
2017-05-08,yogurt,322125.57,20.43,25.12,16.84,79.51,13.29
2017-05-09,yogurt,377573.09,19.78,23.62,15.81,75.03,1.11
2017-05-10,yogurt,441307.77,21.02,26.96,16.69,84.85,0.0
2017-05-11,yogurt,414377.43,21.93,28.67,18.45,71.83,0.0
2017-05-12,yogurt,343826.17,21.22,27.11,18.67,68.35,0.0
2017-05-13,yogurt,395792.41,19.62,24.89,16.66,64.2,0.0
2017-05-14,yogurt,312613.5,20.47,25.34,16.84,71.03,0.0
